日付,競馬場,レース名,クラス,距離,出走頭数,馬名,馬番,予想順位,予想スコア,単勝オッズ,市場人気,実着順,前走重賞近差,前々走重賞近差,前走3F最速,同コース実績,調教A評価,叩き2戦目,近走上昇傾向,距離短縮,前走好走,前々走好走,グレード実績(3-4走前),血統距離適性,初馬場種別,距離延長,昇級初戦,特殊条件,前走ローカル,長期休養明け,枠番補正,内枠先行,軽量馬加点,複勝安定ボーナス,急坂好走なし,馬体重変動,回り不適,季節×性別,道悪適性
2026年1月4日,中山,4歳以上2勝クラス,2勝クラス,1200m,16,ショウナンハクウン,16,1,8.5,4.2,1,3,0,0.0,0,4,2,0,0.0,0.0,0.0,0.0,0.0,0.5,0,0,0,0,0,0,0.0,0.0,0.0,2.0,0,0,0,0,0.0
2026年1月4日,中山,4歳以上2勝クラス,2勝クラス,1200m,16,ジャスパーソレイユ,3,2,8.0,4.6,2,2,0,0.0,0,0,2,0,0.0,0.0,1.0,1.0,0.0,0.0,0,0,0,0,0,0,-2.0,3.0,0.0,3.0,0,0,0,0,0.0
2026年1月4日,中山,4歳以上2勝クラス,2勝クラス,1200m,16,スリーピース,13,3,6.5,8.2,6,1,0,0.0,0,0,2,0,0.0,0.0,0.0,1.0,0.0,0.5,0,0,0,0,0,0,0.0,0.0,0.0,3.0,0,0,0,0,0.0
2026年1月4日,中山,4歳以上2勝クラス,2勝クラス,1200m,16,タイセイピューマ,4,4,6.0,15.7,7,4,0,0.0,0,4,2,0,0.0,0.0,2.0,0.0,0.0,0.0,0,0,0,0,0,0,-2.0,0.0,0.0,0.0,0,0,0,0,0.0
2026年1月4日,中山,4歳以上2勝クラス,2勝クラス,1200m,16,ヴェルトラウム,11,5,6.0,91.8,13,9,0,0.0,0,4,2,0,0.0,0.0,0.0,0.0,0.0,0.0,0,0,0,0,0,0,0.0,0.0,0.0,0.0,0,0,0,0,0.0
2026年1月4日,中山,4歳以上2勝クラス,2勝クラス,1200m,16,ラーナローザ,15,6,4.0,7.3,5,6,0,0.0,0,0,3,0,0.0,0.0,2.0,0.0,0.0,0.0,0,0,0,0,0,0,0.0,0.0,0.0,0.0,0,0,0,-1,0.0
2026年1月4日,中山,4歳以上2勝クラス,2勝クラス,1200m,16,ヴィクトリーロード,8,7,3.0,66.9,11,8,0,0.0,0,0,2,0,0.0,0.0,0.0,0.0,0.0,1.0,0,0,0,0,0,0,0.0,0.0,0.0,0.0,0,0,0,0,0.0
2026年1月4日,中山,4歳以上2勝クラス,2勝クラス,1200m,16,モリノセピア,9,8,3.0,5.4,3,10,0,0.0,0,0,2,0,0.0,0.0,1.0,0.0,0.0,0.0,0,0,0,0,0,0,0.0,0.0,0.0,0.0,0,0,0,0,0.0
2026年1月4日,中山,4歳以上2勝クラス,2勝クラス,1200m,16,ヒストリアイ,6,9,3.0,26.1,8,12,0,0.0,0,0,2,1,0.0,0.0,0.0,0.0,0.0,0.0,0,0,0,0,0,0,0.0,0.0,0.0,0.0,0,0,0,0,0.0
2026年1月4日,中山,4歳以上2勝クラス,2勝クラス,1200m,16,ロッカバイベイビー,14,10,3.0,29.3,9,14,0,0.0,0,0,1,0,0.0,0.0,0.0,1.0,0.0,0.0,0,0,0,0,0,0,0.0,0.0,0.0,2.0,0,0,0,-1,0.0
2026年1月4日,中山,4歳以上2勝クラス,2勝クラス,1200m,16,コスタデラルス,10,11,3.0,184.5,14,15,0,0.0,0,0,2,0,0.0,1.0,0.0,0.0,0.0,0.0,0,0,0,0,0,0,0.0,0.0,0.0,0.0,0,0,0,0,0.0
2026年1月4日,中山,4歳以上2勝クラス,2勝クラス,1200m,16,グリーンライズ,12,12,1.0,223.1,15,16,0,0.0,0,0,0,1,0.0,1.0,0.0,0.0,1.0,0.0,0,0,0,0,0,-2,0.0,0.0,0.0,0.0,0,0,0,0,0.0
2026年1月4日,中山,4歳以上2勝クラス,2勝クラス,1200m,16,テセラリアン,2,13,0.5,6.6,4,7,0,0.0,0,0,2,1,0.0,0.0,0.0,0.0,0.0,0.5,0,0,0,0,0,0,-2.0,0.0,0.0,0.0,0,0,0,-1,0.0
2026年1月4日,中山,4歳以上2勝クラス,2勝クラス,1200m,16,ケープアグラス,5,14,0.0,54.8,10,5,0,0.0,0,0,1,0,0.0,0.0,0.0,0.0,0.0,0.0,0,0,0,0,0,0,0.0,0.0,0.0,0.0,0,0,0,-1,0.0
2026年1月4日,中山,4歳以上2勝クラス,2勝クラス,1200m,16,バンブトンプロ,1,15,0.0,246.3,16,13,0,0.0,0,0,2,0,0.0,0.0,0.0,0.0,0.0,0.0,0,0,0,0,0,0,-2.0,0.0,0.0,0.0,0,0,0,0,0.0
2026年1月4日,中山,4歳以上2勝クラス,2勝クラス,1200m,16,クラリティスケール,7,16,-1.0,76.2,12,11,0,0.0,2,0,0,0,0.0,0.0,0.0,0.0,0.0,0.0,0,0,0,0,-2,0,0.0,0.0,0.0,0.0,0,0,0,-1,0.0
2026年1月4日,京都,天ケ瀬特別,2勝クラス,1800m,13,グランドプラージュ,9,1,13.0,1.3,1,1,0,0.0,0,4,3,1,0.0,0.0,1.0,1.0,1.0,0.0,0,0,0,0,0,0,0.0,0.0,0.0,2.0,0,0,0,0,0.0
2026年1月4日,京都,天ケ瀬特別,2勝クラス,1800m,13,ブルックリンダンス,3,2,12.5,17.9,5,5,0,0.0,0,4,2,0,0.0,0.0,2.0,0.5,0.0,0.0,0,0,0,0,0,-2,0.0,3.0,0.0,3.0,0,0,0,0,0.0
2026年1月4日,京都,天ケ瀬特別,2勝クラス,1800m,13,ドゥラエテルノ,13,3,10.0,7.3,2,3,0,0.0,0,4,1,0,0.0,0.0,2.0,0.5,0.0,0.5,0,0,0,0,0,0,0.0,0.0,0.0,2.0,0,0,0,0,0.0
2026年1月4日,京都,天ケ瀬特別,2勝クラス,1800m,13,マナエトレ,11,4,6.0,44.8,8,2,0,0.0,0,0,1,0,0.0,0.0,2.0,0.0,0.0,1.0,0,0,0,0,0,0,0.0,0.0,0.0,2.0,0,0,0,0,0.0
2026年1月4日,京都,天ケ瀬特別,2勝クラス,1800m,13,マッスルバック,6,5,6.0,78.6,10,6,0,0.0,2,0,2,1,0.0,0.0,0.0,1.0,0.0,0.0,0,0,0,0,0,0,0.0,0.0,0.0,0.0,0,0,0,0,0.0
2026年1月4日,京都,天ケ瀬特別,2勝クラス,1800m,13,ショウサンジョージ,8,6,6.0,38.7,7,8,0,0.0,0,0,2,0,0.0,0.0,0.0,1.0,0.0,1.0,0,0,0,0,0,0,0.0,0.0,0.0,2.0,0,0,0,0,0.0
2026年1月4日,京都,天ケ瀬特別,2勝クラス,1800m,13,スーパージョック,10,7,5.0,8.9,3,4,0,0.0,0,0,2,0,0.0,0.0,0.0,1.0,0.0,0.0,0,0,0,0,0,0,0.0,0.0,0.0,2.0,0,0,0,0,0.0
2026年1月4日,京都,天ケ瀬特別,2勝クラス,1800m,13,ジュンラトゥール,2,8,3.0,66.2,9,10,0,0.0,0,0,1,1,0.0,0.0,0.0,1.0,0.0,0.0,0,0,0,0,0,0,0.0,0.0,0.0,0.0,0,0,0,0,0.0
2026年1月4日,京都,天ケ瀬特別,2勝クラス,1800m,13,ワンダフルトゥデイ,5,9,2.0,175.8,12,12,0,0.0,0,0,1,1,0.0,0.0,0.0,0.0,0.0,0.0,0,0,0,0,0,0,0.0,0.0,0.0,0.0,0,0,0,0,0.0
2026年1月4日,京都,天ケ瀬特別,2勝クラス,1800m,13,クリノフィガロ,1,10,1.5,17.1,4,9,0,0.0,0,0,1,0,0.0,1.0,0.0,0.0,0.0,-0.5,0,0,0,0,0,0,0.0,0.0,0.0,0.0,0,0,0,0,0.0
2026年1月4日,京都,天ケ瀬特別,2勝クラス,1800m,13,キングオブフジ,12,11,1.0,118.6,11,7,0,0.0,0,0,1,0,0.0,0.0,0.0,0.0,0.0,0.0,0,0,0,0,0,0,0.0,0.0,0.0,0.0,0,0,0,0,0.0
2026年1月4日,京都,天ケ瀬特別,2勝クラス,1800m,13,サトノシュトラーセ,4,12,-1.5,23.9,6,11,0,0.0,0,0,2,0,0.0,1.0,0.0,0.0,0.0,0.5,-5,0,0,0,-2,-2,0.0,0.0,0.0,0.0,0,0,0,0,0.0
2026年1月4日,京都,天ケ瀬特別,2勝クラス,1800m,13,イーサンアイ,7,13,-1.5,234.3,13,13,0,0.0,2,0,0,0,0.0,1.0,0.0,0.0,0.0,0.5,-5,0,0,0,0,0,0.0,0.0,0.0,0.0,0,0,0,0,0.0
2026年1月10日,中山,4歳以上2勝クラス,2勝クラス,1800m,13,パイシャオピン,1,1,6.0,3.0,1,2,0,0.0,0,0,2,1,0.0,0.0,1.0,1.0,0.0,0.0,0,0,0,0,0,0,0.0,0.0,0.0,2.0,0,0,0,-1,0.0
2026年1月10日,中山,4歳以上2勝クラス,2勝クラス,1800m,13,ピコシー,8,2,5.5,17.9,5,4,0,0.0,0,4,1,1,0.0,0.0,0.0,0.0,0.0,-0.5,0,0,0,0,0,0,0.0,0.0,0.0,0.0,0,0,0,0,0.0
2026年1月10日,中山,4歳以上2勝クラス,2勝クラス,1800m,13,トレサフィール,3,3,4.5,4.4,3,13,0,0.0,2,0,2,1,0.0,0.0,0.0,0.0,0.0,-0.5,-5,0,0,0,0,0,0.0,3.0,0.0,2.0,0,0,0,0,0.0
2026年1月10日,中山,4歳以上2勝クラス,2勝クラス,1800m,13,エクリプスルバン,12,4,3.0,3.7,2,1,0,0.0,0,0,1,1,0.0,0.0,0.0,1.0,0.0,0.0,0,0,0,0,0,-2,0.0,0.0,0.0,2.0,0,0,0,0,0.0
2026年1月10日,中山,4歳以上2勝クラス,2勝クラス,1800m,13,ヤウガウ,9,5,3.0,239.7,13,11,0,0.0,0,0,1,1,0.0,1.0,0.0,0.0,0.0,0.0,0,0,0,0,0,0,0.0,0.0,0.0,0.0,0,0,0,0,0.0
2026年1月10日,中山,4歳以上2勝クラス,2勝クラス,1800m,13,アパイシュナール,10,6,2.0,97.3,10,5,0,0.0,0,0,2,1,0.0,0.0,0.0,0.0,0.0,0.0,0,0,0,0,0,0,0.0,0.0,0.0,0.0,0,0,0,-1,0.0
2026年1月10日,中山,4歳以上2勝クラス,2勝クラス,1800m,13,スマートカイロス,6,7,2.0,4.5,4,6,0,0.0,0,0,2,0,0.0,0.0,0.0,0.0,0.0,0.0,0,0,0,0,0,0,0.0,0.0,0.0,0.0,0,0,0,0,0.0
2026年1月10日,中山,4歳以上2勝クラス,2勝クラス,1800m,13,トーホウキザン,13,8,2.0,95.5,9,7,0,0.0,0,0,2,0,0.0,0.0,0.0,0.0,0.0,0.0,0,0,0,0,0,0,0.0,0.0,0.0,0.0,0,0,0,0,0.0
2026年1月10日,中山,4歳以上2勝クラス,2勝クラス,1800m,13,トルショー,5,9,2.0,18.2,6,9,0,0.0,0,0,2,0,0.0,0.0,0.0,0.0,0.0,0.0,0,0,0,0,0,0,0.0,0.0,0.0,0.0,0,0,0,0,0.0
2026年1月10日,中山,4歳以上2勝クラス,2勝クラス,1800m,13,レッドライトニング,7,10,1.0,31.6,7,3,0,0.0,0,0,1,1,0.0,0.0,0.0,1.0,0.0,0.0,0,0,0,0,-2,0,0.0,0.0,0.0,0.0,0,0,0,0,0.0
2026年1月10日,中山,4歳以上2勝クラス,2勝クラス,1800m,13,エーデル,2,11,1.0,32.4,8,8,0,0.0,0,0,1,0,0.0,0.0,0.0,1.0,0.0,0.0,0,0,0,0,0,0,0.0,0.0,0.0,0.0,0,0,0,-1,0.0
2026年1月10日,中山,4歳以上2勝クラス,2勝クラス,1800m,13,ダイシンバースディ,11,12,1.0,184.9,11,12,0,0.0,0,0,1,0,0.0,0.0,0.0,0.0,0.0,0.0,0,0,0,0,0,0,0.0,0.0,0.0,0.0,0,0,0,0,0.0
2026年1月10日,中山,4歳以上2勝クラス,2勝クラス,1800m,13,デルマタモン,4,13,-3.0,226.9,12,10,0,0.0,0,0,1,0,0.0,0.0,0.0,0.0,0.0,0.0,0,0,0,0,-2,-2,0.0,0.0,0.0,0.0,0,0,0,0,0.0
2026年1月10日,京都,出町特別,2勝クラス,1800m,8,ステアハート,6,1,10.0,4.4,2,2,0,0.0,0,4,2,0,0.0,0.0,2.0,0.0,0.0,0.0,0,0,0,0,0,0,0.0,0.0,0.0,3.0,0,0,0,-1,0.0
2026年1月10日,京都,出町特別,2勝クラス,1800m,8,モズカトレア,4,2,6.5,1.3,1,1,0,0.0,0,0,2,0,0.0,0.0,1.0,0.5,0.0,1.0,0,0,0,0,0,0,0.0,0.0,0.0,3.0,0,0,0,-1,0.0
2026年1月10日,京都,出町特別,2勝クラス,1800m,8,ハリウッドパーク,1,3,6.0,24.9,5,6,0,0.0,0,0,2,1,0.0,0.0,0.0,0.0,1.0,0.0,0,0,0,0,0,0,0.0,3.0,0.0,0.0,0,0,0,-1,0.0
2026年1月10日,京都,出町特別,2勝クラス,1800m,8,ラヴァブル,3,4,3.5,37.8,6,3,0,0.0,0,0,2,1,0.0,1.0,0.0,0.0,0.0,0.5,0,0,0,0,0,0,0.0,0.0,0.0,0.0,0,0,0,-1,0.0
2026年1月10日,京都,出町特別,2勝クラス,1800m,8,ルトゥール,5,5,2.0,9.1,3,7,0,0.0,2,0,2,1,0.0,0.0,0.0,0.0,1.0,1.0,-5,0,0,0,-2,0,0.0,0.0,0.0,0.0,0,0,0,-1,0.0
2026年1月10日,京都,出町特別,2勝クラス,1800m,8,ユウェンタース,8,6,1.0,9.9,4,4,0,0.0,0,0,1,0,0.0,0.0,0.0,1.0,0.0,0.0,0,0,0,0,0,0,0.0,0.0,0.0,0.0,0,0,0,-1,0.0
2026年1月10日,京都,出町特別,2勝クラス,1800m,8,ブリーズオンチーク,7,7,1.0,51.6,7,8,0,0.0,0,0,2,0,0.0,0.0,0.0,0.0,0.0,0.0,0,0,0,0,0,0,0.0,0.0,0.0,0.0,0,0,0,-1,0.0
2026年1月10日,京都,出町特別,2勝クラス,1800m,8,サイモンコーラル,2,8,0.0,62.4,8,5,0,0.0,0,0,1,0,0.0,0.0,0.0,0.0,0.0,0.0,0,0,0,0,0,0,0.0,0.0,0.0,0.0,0,0,0,-1,0.0
2026年1月10日,京都,すばるS,OP,1400m,16,フェルヴェンテ,7,1,10.0,43.2,9,4,0,0.0,0,4,2,1,0.0,0.0,2.0,0.0,1.0,0.0,0,0,0,0,0,0,0.0,0.0,0.0,0.0,0,0,0,0,0.0
2026年1月10日,京都,すばるS,OP,1400m,16,ビダーヤ,8,2,7.5,1.6,1,3,0,0.0,0,0,2,0,0.0,0.0,1.0,0.0,1.0,0.5,0,0,0,0,0,0,0.0,0.0,0.0,3.0,0,0,0,0,0.0
2026年1月10日,京都,すばるS,OP,1400m,16,ニシキギミッチー,1,3,6.0,19.8,6,2,0,0.0,0,4,3,0,0.0,0.0,0.0,0.0,1.0,0.0,0,0,0,0,0,0,-2.0,0.0,0.0,0.0,0,0,0,0,0.0
2026年1月10日,京都,すばるS,OP,1400m,16,トリリオンボーイ,15,4,6.0,10.7,3,10,0,0.0,0,2,1,0,0.0,0.0,2.0,1.0,0.0,0.0,0,0,0,0,0,0,0.0,0.0,0.0,0.0,0,0,0,0,0.0
2026年1月10日,京都,すばるS,OP,1400m,16,ライツフォル,3,5,6.0,15.3,4,12,0,0.0,0,0,3,1,0.0,0.0,0.0,0.5,0.0,0.5,0,0,0,0,0,0,-2.0,3.0,0.0,0.0,0,0,0,0,0.0
2026年1月10日,京都,すばるS,OP,1400m,16,サフランヒーロー,9,6,5.0,262.0,16,14,0,0.0,2,0,3,0,0.0,0.0,0.0,0.0,1.0,0.0,0,-1,0,0,0,0,0.0,0.0,0.0,0.0,0,0,0,0,0.0
2026年1月10日,京都,すばるS,OP,1400m,16,スマートサニー,11,7,4.0,31.1,8,8,0,0.0,0,0,2,1,0.0,0.0,0.0,0.0,1.0,0.0,0,0,0,0,0,0,0.0,0.0,0.0,0.0,0,0,0,0,0.0
2026年1月10日,京都,すばるS,OP,1400m,16,タクシンイメル,13,8,3.5,108.9,13,13,0,0.0,0,0,2,1,0.0,1.0,0.0,0.0,1.0,-0.5,0,0,0,0,0,0,0.0,0.0,0.0,0.0,0,0,0,-1,0.0
2026年1月10日,京都,すばるS,OP,1400m,16,スターターン,14,9,3.0,4.7,2,5,0,0.0,0,0,3,0,0.0,0.0,0.0,0.0,0.0,0.0,0,0,0,0,0,0,0.0,0.0,0.0,0.0,0,0,0,0,0.0
2026年1月10日,京都,すばるS,OP,1400m,16,モズミギカタアガリ,2,10,3.0,22.0,7,7,0,0.0,0,0,2,0,0.0,1.0,0.0,0.0,0.0,0.0,0,0,0,0,0,0,-2.0,3.0,0.0,0.0,0,0,0,-1,0.0
2026年1月10日,京都,すばるS,OP,1400m,16,エコロガイア,6,11,2.0,73.6,11,6,0,0.0,0,0,2,0,0.0,0.0,0.0,0.0,0.0,0.0,0,0,0,0,0,0,0.0,0.0,0.0,0.0,0,0,0,0,0.0
2026年1月10日,京都,すばるS,OP,1400m,16,コンティノアール,12,12,2.0,43.2,10,16,0,0.0,0,0,2,0,0.0,0.0,0.0,0.0,0.0,0.0,0,0,0,0,0,0,0.0,0.0,0.0,0.0,0,0,0,0,0.0
2026年1月10日,京都,すばるS,OP,1400m,16,グッジョブ,16,13,1.0,108.2,12,11,0,0.0,0,0,1,0,0.0,0.0,0.0,0.0,0.0,0.0,0,0,0,0,0,0,0.0,0.0,0.0,0.0,0,0,0,0,0.0
2026年1月10日,京都,すばるS,OP,1400m,16,ラーグルフ,10,14,-1.5,159.7,15,15,0,0.0,0,0,2,0,0.0,1.0,0.0,0.0,0.0,0.5,-5,0,0,0,0,0,0.0,0.0,0.0,0.0,0,0,0,0,0.0
2026年1月10日,京都,すばるS,OP,1400m,16,スターペスカオリ,5,15,-2.0,133.4,14,9,0,0.0,0,0,1,0,0.0,0.0,0.0,0.0,1.0,0.0,0,-3,0,0,0,0,0.0,0.0,0.0,0.0,0,0,0,-1,0.0
2026年1月10日,京都,すばるS,OP,1400m,16,キタノズエッジ,4,16,-3.5,18.1,5,1,0,0.0,0,0,1,0,0.0,0.0,0.0,0.0,0.0,0.5,0,-5,0,0,0,0,-2.0,0.0,0.0,0.0,0,0,0,0,0.0
2026年1月11日,中山,ポルックスS,OP,1800m,16,クラウンシエンタ,5,1,15.5,12.5,5,10,0,0.0,0,4,2,0,0.0,0.0,2.0,0.5,1.0,0.0,0,0,0,0,0,0,0.0,3.0,0.0,3.0,0,0,0,0,0.0
2026年1月11日,中山,ポルックスS,OP,1800m,16,ハギノサステナブル,10,2,12.5,4.3,2,4,0,0.0,0,4,3,1,0.0,0.0,1.0,1.0,1.0,-0.5,0,0,0,0,0,0,0.0,0.0,0.0,2.0,0,0,0,0,0.0
2026年1月11日,中山,ポルックスS,OP,1800m,16,カゼノランナー,3,3,9.5,14.3,8,1,0,0.0,0,0,1,0,0.0,1.0,0.0,1.0,1.0,0.5,0,0,0,0,0,0,0.0,3.0,0.0,2.0,0,0,0,0,0.0
2026年1月11日,中山,ポルックスS,OP,1800m,16,テーオーグランビル,14,4,9.0,3.8,1,12,0,0.0,4,0,3,1,0.0,0.0,2.0,0.0,0.0,0.0,0,0,0,0,0,0,0.0,0.0,0.0,0.0,-1,0,0,0,0.0
2026年1月11日,中山,ポルックスS,OP,1800m,16,ポッドロゴ,8,5,6.0,8.7,4,7,0,0.0,0,0,2,0,0.0,0.0,0.0,1.0,1.0,0.0,0,0,0,0,0,0,0.0,0.0,0.0,2.0,0,0,0,0,0.0
2026年1月11日,中山,ポルックスS,OP,1800m,16,ミスティックロア,6,6,5.0,16.4,9,6,0,0.0,0,0,2,0,0.0,0.0,1.0,0.0,1.0,0.0,0,0,0,0,0,-2,0.0,0.0,0.0,3.0,0,0,0,0,0.0
2026年1月11日,中山,ポルックスS,OP,1800m,16,ヴァルツァーシャル,7,7,4.0,14.0,6,2,0,0.0,0,0,3,0,0.0,0.0,1.0,0.0,0.0,0.0,0,0,0,0,0,0,0.0,0.0,0.0,0.0,0,0,0,0,0.0
2026年1月11日,中山,ポルックスS,OP,1800m,16,リチュアル,15,8,4.0,14.3,7,3,0,0.0,0,0,2,0,0.0,1.0,0.0,0.5,0.0,0.5,0,0,0,0,0,0,0.0,0.0,0.0,0.0,0,0,0,0,0.0
2026年1月11日,中山,ポルックスS,OP,1800m,16,バスタードサフラン,9,9,4.0,20.4,11,11,0,0.0,0,0,2,0,0.0,0.0,0.0,1.0,0.0,0.0,0,0,0,0,0,0,0.0,0.0,0.0,2.0,0,0,0,-1,0.0
2026年1月11日,中山,ポルックスS,OP,1800m,16,レガーロデルシエロ,12,10,3.5,18.3,10,9,0,0.0,0,0,3,1,0.0,0.0,0.0,0.0,1.0,0.5,0,-2,0,0,0,0,0.0,0.0,0.0,0.0,0,0,0,0,0.0
2026年1月11日,中山,ポルックスS,OP,1800m,16,ラインオブソウル,1,11,2.0,121.9,13,15,0,0.0,0,0,1,0,0.0,1.0,0.0,0.0,0.0,0.0,0,0,0,0,0,0,0.0,0.0,0.0,0.0,0,0,0,0,0.0
2026年1月11日,中山,ポルックスS,OP,1800m,16,ハビレ,13,12,1.0,6.1,3,5,0,0.0,0,0,2,0,0.0,0.0,0.0,0.0,0.0,0.0,0,0,0,0,0,0,0.0,0.0,0.0,0.0,-1,0,0,0,0.0
2026年1月11日,中山,ポルックスS,OP,1800m,16,サンマルパトロール,2,13,1.0,338.1,16,8,0,0.0,0,0,2,0,0.0,0.0,0.0,0.0,0.0,0.0,0,0,0,0,0,0,0.0,0.0,0.0,0.0,-1,0,0,0,0.0
2026年1月11日,中山,ポルックスS,OP,1800m,16,フタイテンロック,11,14,1.0,181.2,14,16,0,0.0,0,0,1,0,0.0,1.0,0.0,0.0,0.0,0.0,0,0,0,0,0,0,0.0,0.0,0.0,0.0,-1,0,0,0,0.0
2026年1月11日,中山,ポルックスS,OP,1800m,16,ヒューゴ,4,15,0.0,305.2,15,13,0,0.0,0,0,1,0,0.0,0.0,0.0,0.0,0.0,0.0,0,0,0,0,0,0,0.0,0.0,0.0,0.0,-1,0,0,0,0.0
2026年1月11日,中山,ポルックスS,OP,1800m,16,ダノンザボルケーノ,16,16,-1.5,82.3,12,14,0,0.0,0,0,2,0,0.0,0.0,0.0,0.0,1.0,-0.5,0,0,0,0,-3,0,0.0,0.0,0.0,0.0,-1,0,0,0,0.0
2026年1月11日,中山,4歳以上2勝クラス,2勝クラス,1200m,16,チャロ,5,1,13.0,6.5,4,14,0,0.0,0,4,2,0,0.0,0.0,2.0,0.0,0.0,0.0,0,0,0,0,0,0,0.0,3.0,0.0,2.0,0,0,0,0,0.0
2026年1月11日,中山,4歳以上2勝クラス,2勝クラス,1200m,16,スノーサイレンス,14,2,8.0,3.8,1,4,0,0.0,0,0,3,1,0.0,0.0,1.0,1.0,0.0,0.0,0,0,0,0,0,0,0.0,0.0,0.0,3.0,0,0,0,-1,0.0
2026年1月11日,中山,4歳以上2勝クラス,2勝クラス,1200m,16,アスタールフナ,2,3,8.0,5.6,3,10,0,0.0,4,0,2,0,0.0,0.0,0.0,0.5,1.0,0.5,0,0,0,0,0,0,-2.0,0.0,0.0,3.0,0,0,0,-1,0.0
2026年1月11日,中山,4歳以上2勝クラス,2勝クラス,1200m,16,ハードセルツァー,11,4,7.5,4.0,2,2,0,0.0,0,4,2,0,0.0,0.0,2.0,1.0,0.0,0.5,0,0,0,0,0,-2,0.0,0.0,0.0,0.0,0,0,0,0,0.0
2026年1月11日,中山,4歳以上2勝クラス,2勝クラス,1200m,16,メイショウドライブ,16,5,6.0,30.0,9,7,0,0.0,0,0,2,1,0.0,0.0,2.0,0.0,0.0,0.0,0,0,0,0,0,0,0.0,0.0,0.0,2.0,0,0,0,-1,0.0
2026年1月11日,中山,4歳以上2勝クラス,2勝クラス,1200m,16,ヤマメキング,10,6,6.0,22.4,7,12,0,0.0,0,4,2,0,0.0,0.0,0.0,0.0,0.0,0.0,0,0,0,0,0,0,0.0,0.0,0.0,0.0,0,0,0,0,0.0
2026年1月11日,中山,4歳以上2勝クラス,2勝クラス,1200m,16,スプランドゥール,12,7,5.5,26.4,8,1,0,0.0,0,0,3,0,0.0,0.0,2.0,0.5,0.0,0.0,0,0,0,0,0,0,0.0,0.0,0.0,0.0,0,0,0,0,0.0
2026年1月11日,中山,4歳以上2勝クラス,2勝クラス,1200m,16,ドントゥザムーン,1,8,5.5,7.3,5,15,0,0.0,0,0,2,0,0.0,0.0,0.0,0.5,0.0,0.0,0,0,0,0,0,0,-2.0,3.0,0.0,2.0,0,0,0,0,0.0
2026年1月11日,中山,4歳以上2勝クラス,2勝クラス,1200m,16,ロードトレゾール,15,9,3.0,136.6,14,3,0,0.0,0,0,2,0,0.0,0.0,0.0,0.0,0.0,1.0,0,0,0,0,0,0,0.0,0.0,0.0,0.0,0,0,0,0,0.0
2026年1月11日,中山,4歳以上2勝クラス,2勝クラス,1200m,16,エチャケナ,6,10,3.0,65.4,11,5,0,0.0,0,0,3,0,0.0,1.0,0.0,0.0,0.0,0.0,0,0,0,0,0,0,0.0,0.0,0.0,0.0,0,0,0,-1,0.0
2026年1月11日,中山,4歳以上2勝クラス,2勝クラス,1200m,16,モリノレッドスター,13,11,3.0,12.7,6,6,0,0.0,0,0,3,0,0.0,1.0,0.0,0.0,0.0,0.0,0,0,0,0,0,0,0.0,0.0,0.0,0.0,0,0,0,-1,0.0
2026年1月11日,中山,4歳以上2勝クラス,2勝クラス,1200m,16,メモリーグラス,7,12,2.5,30.8,10,8,0,0.0,0,0,1,0,0.0,1.0,0.0,0.0,0.0,0.5,0,0,0,0,0,0,0.0,0.0,0.0,0.0,0,0,0,0,0.0
2026年1月11日,中山,4歳以上2勝クラス,2勝クラス,1200m,16,ラストシャリナ,9,13,2.5,85.4,12,9,0,0.0,0,0,2,0,0.0,0.0,0.0,0.0,0.0,0.5,0,0,0,0,0,0,0.0,0.0,0.0,0.0,0,0,0,0,0.0
2026年1月11日,中山,4歳以上2勝クラス,2勝クラス,1200m,16,メラーキ,4,14,0.5,279.6,16,11,0,0.0,0,0,1,1,0.0,1.0,0.0,0.0,0.0,-0.5,0,0,0,0,0,0,-2.0,0.0,0.0,0.0,0,0,0,0,0.0
2026年1月11日,中山,4歳以上2勝クラス,2勝クラス,1200m,16,サンダーアリュール,8,15,0.0,133.7,13,13,0,0.0,0,0,0,0,0.0,1.0,0.0,0.0,0.0,0.0,0,0,0,0,0,0,0.0,0.0,0.0,0.0,0,0,0,-1,0.0
2026年1月11日,中山,4歳以上2勝クラス,2勝クラス,1200m,16,サンディブロンド,3,16,0.0,143.5,15,16,0,0.0,0,0,1,1,0.0,0.0,0.0,0.0,0.0,-0.5,0,0,0,0,-2,0,-2.0,3.0,0.0,0.0,0,0,0,-1,0.0
2026年1月11日,京都,4歳以上2勝クラス,2勝クラス,1400m,16,ラファル,15,1,12.0,2.5,1,1,0,0.0,0,4,2,1,0.0,0.0,2.0,0.0,0.0,0.0,0,0,0,0,0,0,0.0,0.0,0.0,3.0,0,0,0,0,0.0
2026年1月11日,京都,4歳以上2勝クラス,2勝クラス,1400m,16,カルパ,5,2,8.5,14.0,6,7,0,0.0,2,0,2,1,0.0,0.0,0.0,1.0,0.0,0.5,0,0,0,0,0,0,0.0,0.0,0.0,2.0,0,0,0,0,0.0
2026年1月11日,京都,4歳以上2勝クラス,2勝クラス,1400m,16,ユウトザレン,8,3,8.0,7.3,4,3,0,0.0,0,4,2,0,0.0,0.0,0.0,0.0,0.0,0.0,0,0,0,0,0,0,0.0,0.0,0.0,2.0,0,0,0,0,0.0
2026年1月11日,京都,4歳以上2勝クラス,2勝クラス,1400m,16,ニューオーリンズ,14,4,7.5,5.1,2,5,0,0.0,0,0,2,1,0.0,0.0,2.0,0.0,0.0,0.5,0,0,0,0,0,0,0.0,0.0,0.0,2.0,0,0,0,0,0.0
2026年1月11日,京都,4歳以上2勝クラス,2勝クラス,1400m,16,フィリップ,6,5,7.0,42.6,11,10,0,0.0,0,0,3,0,0.0,0.0,0.0,0.0,1.0,0.0,0,0,0,0,0,0,0.0,3.0,0.0,0.0,0,0,0,0,0.0
2026年1月11日,京都,4歳以上2勝クラス,2勝クラス,1400m,16,サンダーロード,16,6,7.0,29.6,8,11,0,0.0,0,4,2,0,0.0,0.0,0.0,1.0,0.0,0.0,0,0,0,0,0,0,0.0,0.0,0.0,0.0,0,0,0,0,0.0
2026年1月11日,京都,4歳以上2勝クラス,2勝クラス,1400m,16,サンダーバース,10,7,5.0,160.0,13,9,0,0.0,0,0,3,1,0.0,1.0,0.0,0.0,0.0,0.0,0,0,0,0,0,0,0.0,0.0,0.0,0.0,0,0,0,0,0.0
2026年1月11日,京都,4歳以上2勝クラス,2勝クラス,1400m,16,アスクアイルビゼア,4,8,4.5,5.8,3,2,0,0.0,0,0,2,1,0.0,0.0,0.0,0.0,1.0,-0.5,0,0,0,0,0,0,-2.0,0.0,0.0,3.0,0,0,0,0,0.0
2026年1月11日,京都,4歳以上2勝クラス,2勝クラス,1400m,16,レッドダンルース,7,9,4.5,21.0,7,4,0,0.0,0,0,2,1,0.0,1.0,0.0,0.0,0.0,0.5,0,0,0,0,0,0,0.0,0.0,0.0,0.0,0,0,0,0,0.0
2026年1月11日,京都,4歳以上2勝クラス,2勝クラス,1400m,16,マサハヤウォルズ,12,10,3.0,413.6,16,15,0,0.0,0,0,2,0,0.0,1.0,0.0,0.0,0.0,0.0,0,0,0,0,0,0,0.0,0.0,0.0,0.0,0,0,0,0,0.0
2026年1月11日,京都,4歳以上2勝クラス,2勝クラス,1400m,16,アオイミモザ,1,11,3.0,32.5,9,16,0,0.0,0,0,3,0,0.0,1.0,0.0,0.0,0.0,0.0,0,0,0,0,0,-2,-2.0,3.0,0.0,0.0,0,0,0,0,0.0
2026年1月11日,京都,4歳以上2勝クラス,2勝クラス,1400m,16,ダイシンリンク,11,12,2.0,10.0,5,8,0,0.0,0,0,1,0,0.0,0.0,1.0,0.0,0.0,0.0,0,0,0,0,0,0,0.0,0.0,0.0,0.0,0,0,0,0,0.0
2026年1月11日,京都,4歳以上2勝クラス,2勝クラス,1400m,16,トーレ,9,13,2.0,35.9,10,13,0,0.0,0,0,1,0,0.0,1.0,0.0,0.0,0.0,0.0,0,0,0,0,0,0,0.0,0.0,0.0,0.0,0,0,0,0,0.0
2026年1月11日,京都,4歳以上2勝クラス,2勝クラス,1400m,16,バイファーザベスト,13,14,1.5,178.0,14,14,0,0.0,0,0,2,0,0.0,0.0,0.0,0.0,0.0,-0.5,0,0,0,0,0,0,0.0,0.0,0.0,0.0,0,0,0,0,0.0
2026年1月11日,京都,4歳以上2勝クラス,2勝クラス,1400m,16,シンエン,3,15,1.0,385.9,15,12,0,0.0,0,0,2,1,0.0,0.0,0.0,0.0,0.0,0.0,0,0,0,0,0,0,-2.0,0.0,0.0,0.0,0,0,0,0,0.0
2026年1月11日,京都,4歳以上2勝クラス,2勝クラス,1400m,16,タイガースパーク,2,16,0.5,80.3,12,6,0,0.0,0,0,2,0,0.0,0.0,0.0,0.0,1.0,-0.5,0,0,0,0,0,0,-2.0,0.0,0.0,0.0,0,0,0,0,0.0
2026年1月11日,京都,五条坂特別,2勝クラス,1900m,10,ゴッドエスパーダ,4,1,9.5,3.1,2,5,0,0.0,0,0,3,1,0.0,0.0,1.0,0.5,0.0,1.0,0,0,0,0,0,0,0.0,0.0,0.0,3.0,0,0,0,0,0.0
2026年1月11日,京都,五条坂特別,2勝クラス,1900m,10,テーオーマルコーニ,2,2,7.0,2.6,1,4,0,0.0,0,0,1,0,0.0,1.0,1.0,1.0,0.0,0.0,0,0,0,0,0,0,0.0,0.0,0.0,3.0,0,0,0,0,0.0
2026年1月11日,京都,五条坂特別,2勝クラス,1900m,10,エイカイソウル,6,3,6.0,7.1,4,2,0,0.0,0,0,3,1,0.0,0.0,0.0,0.0,0.0,0.0,0,0,0,0,0,0,0.0,0.0,0.0,2.0,0,0,0,0,0.0
2026年1月11日,京都,五条坂特別,2勝クラス,1900m,10,キーチパルフェ,9,4,5.0,5.7,3,1,0,0.0,0,0,2,1,0.0,0.0,0.0,1.0,0.0,1.0,0,0,0,0,0,0,0.0,0.0,0.0,0.0,0,0,0,0,0.0
2026年1月11日,京都,五条坂特別,2勝クラス,1900m,10,タガノヘラクレス,10,5,5.0,10.4,6,6,0,0.0,0,0,2,1,0.0,0.0,2.0,0.0,0.0,0.0,0,0,0,0,0,0,0.0,0.0,0.0,0.0,0,0,0,0,0.0
2026年1月11日,京都,五条坂特別,2勝クラス,1900m,10,ソウルアンドジャズ,7,6,4.0,9.7,5,3,0,0.0,0,0,2,0,0.0,0.0,0.0,0.0,0.0,0.0,0,0,0,0,0,0,0.0,0.0,0.0,2.0,0,0,0,0,0.0
2026年1月11日,京都,五条坂特別,2勝クラス,1900m,10,エリカヴェネチア,1,7,3.0,37.9,7,9,0,0.0,0,2,1,0,0.0,0.0,0.0,1.0,0.0,0.0,0,0,0,0,0,0,0.0,0.0,0.0,0.0,0,0,0,-1,0.0
2026年1月11日,京都,五条坂特別,2勝クラス,1900m,10,サイモンルモンド,8,8,3.0,326.2,10,10,0,0.0,2,0,0,0,0.0,1.0,0.0,0.0,0.0,0.0,0,0,0,0,0,0,0.0,0.0,0.0,0.0,0,0,0,0,0.0
2026年1月11日,京都,五条坂特別,2勝クラス,1900m,10,ディオスパーダ,3,9,2.0,297.4,9,8,0,0.0,0,0,2,0,0.0,0.0,0.0,0.0,0.0,0.0,0,0,0,0,0,0,0.0,0.0,0.0,0.0,0,0,0,0,0.0
2026年1月11日,京都,五条坂特別,2勝クラス,1900m,10,ヒデノレインボー,5,10,1.0,112.6,8,7,0,0.0,0,0,1,0,0.0,0.0,0.0,0.0,0.0,0.0,0,0,0,0,0,0,0.0,0.0,0.0,0.0,0,0,0,0,0.0
2026年1月17日,中山,4歳以上2勝クラス,2勝クラス,1200m,16,ゴールドハンマー,11,1,13.0,5.8,3,1,0,0.0,2,4,2,0,0.0,1.0,0.0,1.0,0.0,1.0,0,0,0,0,0,0,0.0,0.0,0.0,3.0,0,0,0,-1,0.0
2026年1月17日,中山,4歳以上2勝クラス,2勝クラス,1200m,16,ダンケルド,12,2,12.5,1.8,1,9,0,0.0,0,4,1,1,0.0,0.0,2.0,1.0,0.0,0.5,0,0,0,0,0,0,0.0,0.0,0.0,3.0,0,0,0,0,0.0
2026年1月17日,中山,4歳以上2勝クラス,2勝クラス,1200m,16,ビッグドリーム,4,3,7.5,4.3,2,8,0,0.0,0,0,1,0,0.0,0.0,0.0,0.5,1.0,1.0,0,0,0,0,0,0,-2.0,3.0,0.0,3.0,0,0,0,0,0.0
2026年1月17日,中山,4歳以上2勝クラス,2勝クラス,1200m,16,タイセイピューマ,14,4,7.0,12.2,5,3,0,0.0,0,4,2,0,0.0,0.0,0.0,1.0,0.0,0.0,0,0,0,0,0,0,0.0,0.0,0.0,0.0,0,0,0,0,0.0
2026年1月17日,中山,4歳以上2勝クラス,2勝クラス,1200m,16,リリージェーン,3,5,7.0,172.9,12,7,0,0.0,0,4,2,1,0.0,0.0,0.0,0.0,0.0,0.0,0,0,0,0,0,0,-2.0,3.0,0.0,0.0,0,0,0,-1,0.0
2026年1月17日,中山,4歳以上2勝クラス,2勝クラス,1200m,16,クールソル,2,6,5.0,204.0,13,15,0,0.0,0,4,2,1,0.0,1.0,0.0,0.0,0.0,0.0,0,0,0,0,0,0,-2.0,0.0,0.0,0.0,0,0,0,-1,0.0
2026年1月17日,中山,4歳以上2勝クラス,2勝クラス,1200m,16,キョウエイカンフ,13,7,4.0,12.1,4,2,0,0.0,0,0,0,1,0.0,0.0,0.0,0.0,0.0,0.0,0,0,0,0,0,0,0.0,0.0,0.0,3.0,0,0,0,0,0.0
2026年1月17日,中山,4歳以上2勝クラス,2勝クラス,1200m,16,トロピカルヒーロー,10,8,4.0,267.8,15,10,0,0.0,0,0,2,0,0.0,1.0,0.0,0.0,0.0,1.0,0,0,0,0,0,0,0.0,0.0,0.0,0.0,0,0,0,0,0.0
2026年1月17日,中山,4歳以上2勝クラス,2勝クラス,1200m,16,カツラノキサノキ,7,9,3.5,225.9,14,5,0,0.0,0,0,2,1,0.0,1.0,0.0,0.0,0.0,-0.5,0,0,0,0,0,0,0.0,0.0,0.0,0.0,0,0,0,0,0.0
2026年1月17日,中山,4歳以上2勝クラス,2勝クラス,1200m,16,タマモヴェナトル,6,10,2.0,159.6,11,4,0,0.0,0,0,1,1,0.0,0.0,0.0,0.0,0.0,0.0,0,0,0,0,0,0,0.0,0.0,0.0,0.0,0,0,0,0,0.0
2026年1月17日,中山,4歳以上2勝クラス,2勝クラス,1200m,16,ジーベック,16,11,2.0,29.5,7,6,0,0.0,0,0,2,0,0.0,0.0,0.0,0.0,0.0,0.0,0,0,0,0,0,0,0.0,0.0,0.0,0.0,0,0,0,0,0.0
2026年1月17日,中山,4歳以上2勝クラス,2勝クラス,1200m,16,アルジェンタージョ,15,12,2.0,99.9,10,11,0,0.0,0,0,2,0,0.0,1.0,0.0,0.0,0.0,0.0,0,0,0,0,0,0,0.0,0.0,0.0,0.0,0,0,0,-1,0.0
2026年1月17日,中山,4歳以上2勝クラス,2勝クラス,1200m,16,フェデルミエール,5,13,1.5,273.0,16,14,0,0.0,0,0,3,0,0.0,0.0,0.0,0.0,0.0,-0.5,0,0,0,0,0,0,0.0,0.0,0.0,0.0,0,0,0,-1,0.0
2026年1月17日,中山,4歳以上2勝クラス,2勝クラス,1200m,16,レグザゴン,1,14,1.0,75.0,8,16,0,0.0,0,0,2,0,0.0,0.0,2.0,0.0,0.0,0.0,0,0,0,0,0,0,-2.0,0.0,0.0,0.0,0,0,0,-1,0.0
2026年1月17日,中山,4歳以上2勝クラス,2勝クラス,1200m,16,ケープアグラス,9,15,0.0,81.0,9,12,0,0.0,0,0,1,0,0.0,0.0,0.0,0.0,0.0,0.0,0,0,0,0,0,0,0.0,0.0,0.0,0.0,0,0,0,-1,0.0
2026年1月17日,中山,4歳以上2勝クラス,2勝クラス,1200m,16,フレイミングパイ,8,16,-1.0,28.6,6,13,0,0.0,0,0,0,0,0.0,0.0,0.0,0.0,0.0,0.0,0,0,0,0,0,0,0.0,0.0,0.0,0.0,0,0,0,-1,0.0
2026年1月18日,中山,4歳以上2勝クラス,2勝クラス,1800m,16,ロフティーイデアル,4,1,11.0,23.2,7,6,0,0.0,0,4,2,1,0.0,0.0,0.0,0.0,0.0,0.0,0,0,0,0,0,0,0.0,3.0,0.0,2.0,0,0,0,-1,0.0
2026年1月18日,中山,4歳以上2勝クラス,2勝クラス,1800m,16,レディーフランシス,7,2,8.5,5.8,3,1,0,0.0,2,4,1,0,0.0,0.0,0.0,1.0,0.0,-0.5,0,0,0,0,0,0,0.0,0.0,0.0,2.0,0,0,0,-1,0.0
2026年1月18日,中山,4歳以上2勝クラス,2勝クラス,1800m,16,エーリアル,11,3,7.0,5.3,2,5,0,0.0,0,4,3,0,0.0,0.0,0.0,0.0,0.0,0.0,0,0,0,0,0,-2,0.0,0.0,0.0,3.0,0,0,0,-1,0.0
2026年1月18日,中山,4歳以上2勝クラス,2勝クラス,1800m,16,ベルイストワール,12,4,6.0,160.4,15,11,0,0.0,0,0,2,1,0.0,0.0,0.0,1.0,0.0,0.0,0,0,0,0,0,0,0.0,0.0,0.0,3.0,0,0,0,-1,0.0
2026年1月18日,中山,4歳以上2勝クラス,2勝クラス,1800m,16,レイバックスピン,14,5,5.0,2.1,1,2,0,0.0,0,0,1,1,0.0,0.0,0.0,1.0,0.0,1.0,0,0,0,0,0,0,0.0,0.0,0.0,2.0,0,0,0,-1,0.0
2026年1月18日,中山,4歳以上2勝クラス,2勝クラス,1800m,16,ネクストダンサー,5,6,4.0,26.6,10,13,0,0.0,0,4,1,0,0.0,0.0,2.0,0.0,0.0,0.0,0,0,0,0,0,-2,0.0,0.0,0.0,0.0,0,0,0,-1,0.0
2026年1月18日,中山,4歳以上2勝クラス,2勝クラス,1800m,16,リュウノタブーク,9,7,3.5,111.6,13,15,0,0.0,0,0,2,0,0.0,0.0,0.0,0.0,1.0,-0.5,0,0,0,0,0,0,0.0,0.0,0.0,2.0,0,0,0,-1,0.0
2026年1月18日,中山,4歳以上2勝クラス,2勝クラス,1800m,16,イゾラフェリーチェ,10,8,3.0,13.4,5,12,0,0.0,0,0,2,1,0.0,0.0,0.0,0.0,1.0,0.0,0,0,0,0,0,0,0.0,0.0,0.0,0.0,0,0,0,-1,0.0
2026年1月18日,中山,4歳以上2勝クラス,2勝クラス,1800m,16,サツキノジョウ,6,9,2.5,20.7,6,10,0,0.0,0,0,3,0,0.0,0.0,0.0,0.0,0.0,0.5,0,0,0,0,0,0,0.0,0.0,0.0,0.0,0,0,0,-1,0.0
2026年1月18日,中山,4歳以上2勝クラス,2勝クラス,1800m,16,マフィン,16,10,2.0,137.1,14,7,0,0.0,0,0,2,0,0.0,0.0,0.0,0.0,0.0,1.0,0,0,0,0,0,0,0.0,0.0,0.0,0.0,0,0,0,-1,0.0
2026年1月18日,中山,4歳以上2勝クラス,2勝クラス,1800m,16,タイヨウフレア,3,11,2.0,78.3,12,9,0,0.0,0,0,1,0,0.0,0.0,0.0,0.0,0.0,0.0,0,0,0,0,0,0,0.0,0.0,0.0,2.0,0,0,0,-1,0.0
2026年1月18日,中山,4歳以上2勝クラス,2勝クラス,1800m,16,カフェアローロ,2,12,1.0,62.0,11,14,0,0.0,0,0,2,0,0.0,0.0,0.0,0.0,0.0,0.0,0,0,0,0,0,0,0.0,0.0,0.0,0.0,0,0,0,-1,0.0
2026年1月18日,中山,4歳以上2勝クラス,2勝クラス,1800m,16,オーケーマヒナ,13,13,1.0,24.4,9,16,0,0.0,0,0,1,0,0.0,0.0,0.0,0.0,0.0,1.0,0,0,0,0,0,0,0.0,0.0,0.0,0.0,0,0,0,-1,0.0
2026年1月18日,中山,4歳以上2勝クラス,2勝クラス,1800m,16,コスモマルーン,15,14,0.0,481.1,16,4,0,0.0,0,0,1,0,0.0,0.0,0.0,0.0,0.0,0.0,0,0,0,0,0,0,0.0,0.0,0.0,0.0,0,0,0,-1,0.0
2026年1月18日,中山,4歳以上2勝クラス,2勝クラス,1800m,16,リアルクィーン,1,15,0.0,11.6,4,8,0,0.0,0,0,0,0,0.0,0.0,0.0,0.0,0.0,1.0,0,0,0,0,0,0,0.0,0.0,0.0,0.0,0,0,0,-1,0.0
2026年1月18日,中山,4歳以上2勝クラス,2勝クラス,1800m,16,ヴォンフレ,8,16,-0.5,24.0,8,3,0,0.0,0,0,0,0,0.0,0.0,0.0,0.0,0.0,0.5,0,0,0,0,0,0,0.0,0.0,0.0,0.0,0,0,0,-1,0.0
2026年1月18日,中山,ジャニュアリーS,OP,1200m,16,モンドプリューム,14,1,11.5,41.7,12,1,0,0.0,0,4,2,1,0.0,0.0,2.0,0.0,1.0,-0.5,0,0,0,0,0,0,0.0,0.0,0.0,2.0,0,0,0,0,0.0
2026年1月18日,中山,ジャニュアリーS,OP,1200m,16,エコロアゼル,6,2,10.0,3.2,2,2,0,0.0,0,0,3,0,0.0,0.0,0.0,1.0,0.0,0.0,0,0,0,0,0,0,0.0,3.0,0.0,3.0,0,0,0,0,0.0
2026年1月18日,中山,ジャニュアリーS,OP,1200m,16,オーブルクール,2,3,10.0,25.7,9,15,0,0.0,0,4,3,0,0.0,0.0,1.0,1.0,0.0,0.0,0,0,0,0,0,-2,-2.0,3.0,0.0,3.0,0,0,0,-1,0.0
2026年1月18日,中山,ジャニュアリーS,OP,1200m,16,ワールズコライド,1,4,10.0,33.5,10,16,0,0.0,0,4,3,1,0.0,0.0,0.0,0.0,1.0,0.0,0,0,0,0,0,0,-2.0,3.0,0.0,0.0,0,0,0,0,0.0
2026年1月18日,中山,ジャニュアリーS,OP,1200m,16,アメリカンステージ,10,5,6.5,3.1,1,11,0,0.0,0,0,3,0,0.0,0.0,0.0,0.5,1.0,0.0,0,0,0,0,0,0,0.0,0.0,0.0,2.0,0,0,0,0,0.0
2026年1月18日,中山,ジャニュアリーS,OP,1200m,16,カンパニョーラ,4,6,5.5,38.3,11,7,0,0.0,0,4,3,0,0.0,0.0,2.0,0.0,0.0,-0.5,0,0,0,0,0,0,-2.0,0.0,0.0,0.0,0,0,0,-1,0.0
2026年1月18日,中山,ジャニュアリーS,OP,1200m,16,ロードアウォード,12,7,5.0,7.2,3,8,0,0.0,0,0,2,0,0.0,0.0,2.0,0.0,0.0,1.0,0,0,0,0,0,-2,0.0,0.0,0.0,2.0,0,0,0,0,0.0
2026年1月18日,中山,ジャニュアリーS,OP,1200m,16,ソニックスター,8,8,4.0,25.1,8,10,0,0.0,0,0,3,1,0.0,1.0,0.0,0.0,0.0,0.0,0,0,0,0,0,0,0.0,0.0,0.0,0.0,-1,0,0,0,0.0
2026年1月18日,中山,ジャニュアリーS,OP,1200m,16,ナムラフランク,16,9,3.5,12.5,5,3,0,0.0,0,0,2,0,0.0,1.0,0.0,0.0,0.0,0.5,0,0,0,0,0,0,0.0,0.0,0.0,0.0,0,0,0,0,0.0
2026年1月18日,中山,ジャニュアリーS,OP,1200m,16,サンライズパスカル,11,10,3.5,163.6,15,5,0,0.0,0,0,2,0,0.0,1.0,0.0,0.0,1.0,0.5,0,0,0,0,0,0,0.0,0.0,0.0,0.0,-1,0,0,0,0.0
2026年1月18日,中山,ジャニュアリーS,OP,1200m,16,ジョーローリット,9,11,3.0,17.9,6,3,0,0.0,0,0,2,1,0.0,0.0,0.0,0.0,1.0,0.0,0,0,0,0,0,0,0.0,0.0,0.0,0.0,0,0,0,-1,0.0
2026年1月18日,中山,ジャニュアリーS,OP,1200m,16,バグラダス,7,12,3.0,10.4,4,6,0,0.0,2,0,3,0,0.0,0.0,0.0,0.0,0.0,0.0,0,-2,0,0,0,0,0.0,0.0,0.0,0.0,0,0,0,0,0.0
2026年1月18日,中山,ジャニュアリーS,OP,1200m,16,ポールセン,13,13,3.0,18.3,7,14,0,0.0,0,0,1,0,0.0,0.0,1.0,0.0,1.0,0.0,0,0,0,0,0,0,0.0,0.0,0.0,0.0,0,0,0,0,0.0
2026年1月18日,中山,ジャニュアリーS,OP,1200m,16,ジュンウィンダム,5,14,0.0,49.1,13,9,0,0.0,0,0,2,0,0.0,0.0,0.0,0.0,0.0,0.0,0,0,0,0,0,0,0.0,0.0,0.0,0.0,-1,0,0,-1,0.0
2026年1月18日,中山,ジャニュアリーS,OP,1200m,16,バンデルオーラ,3,15,-1.0,149.7,14,13,0,0.0,0,0,1,0,0.0,0.0,0.0,0.0,0.0,0.0,-5,0,0,0,-3,0,-2.0,3.0,0.0,0.0,-1,0,0,0,0.0
2026年1月18日,中山,ジャニュアリーS,OP,1200m,16,サウンドアレグリア,15,16,-2.0,227.7,16,12,0,0.0,0,0,2,1,0.0,0.0,0.0,0.0,0.0,-0.5,0,-5,0,0,0,0,0.0,0.0,0.0,0.0,0,0,0,-1,0.0
2026年1月18日,京都,小倉山特別,2勝クラス,1400m,16,ランスオブセヘル,4,1,9.5,18.4,9,15,0,0.0,0,4,2,0,0.0,0.0,0.0,1.0,0.0,-0.5,0,0,0,0,0,0,-2.0,3.0,0.0,3.0,0,0,0,-1,0.0
2026年1月18日,京都,小倉山特別,2勝クラス,1400m,16,ワイノナオミ,13,2,8.0,7.6,3,6,0,0.0,4,0,3,0,0.0,0.0,0.0,0.0,0.0,0.0,0,0,0,0,0,0,0.0,0.0,0.0,2.0,0,0,0,-1,0.0
2026年1月18日,京都,小倉山特別,2勝クラス,1400m,16,ウィップスティッチ,7,3,7.5,17.5,7,9,0,0.0,0,4,3,0,0.0,0.0,0.0,1.0,0.0,0.5,0,0,0,0,0,-2,0.0,0.0,0.0,2.0,0,0,0,-1,0.0
2026年1月18日,京都,小倉山特別,2勝クラス,1400m,16,トゥロン,3,4,6.0,14.7,5,1,0,0.0,0,4,2,0,0.0,0.0,0.0,1.0,0.0,0.0,0,0,0,0,0,0,-2.0,0.0,0.0,2.0,0,0,0,-1,0.0
2026年1月18日,京都,小倉山特別,2勝クラス,1400m,16,スニーカースキル,2,5,5.5,17.9,8,5,0,0.0,0,4,3,0,0.0,0.0,2.0,0.0,0.0,-0.5,0,0,0,0,0,0,-2.0,0.0,0.0,0.0,0,0,0,-1,0.0
2026年1月18日,京都,小倉山特別,2勝クラス,1400m,16,ヤマニンバロネス,8,6,5.0,4.4,2,3,0,0.0,0,4,1,1,0.0,0.0,0.0,0.0,0.0,0.0,0,0,0,0,0,0,0.0,0.0,0.0,0.0,0,0,0,-1,0.0
2026年1月18日,京都,小倉山特別,2勝クラス,1400m,16,ポートデラメール,1,7,5.0,2.1,1,7,0,0.0,0,0,3,1,0.0,0.0,1.0,1.0,0.0,0.0,0,0,0,0,0,0,-2.0,0.0,0.0,2.0,0,0,0,-1,0.0
2026年1月18日,京都,小倉山特別,2勝クラス,1400m,16,マジックローズ,15,8,3.5,11.8,4,10,0,0.0,0,0,2,0,0.0,0.0,2.0,0.0,1.0,-0.5,0,0,0,0,0,0,0.0,0.0,0.0,0.0,0,0,0,-1,0.0
2026年1月18日,京都,小倉山特別,2勝クラス,1400m,16,ホウショウマリス,9,9,3.0,16.1,6,4,0,0.0,0,0,3,1,0.0,0.0,0.0,0.0,0.0,0.0,0,0,0,0,0,0,0.0,0.0,0.0,0.0,0,0,0,-1,0.0
2026年1月18日,京都,小倉山特別,2勝クラス,1400m,16,サザーランド,11,10,2.5,138.8,12,12,0,0.0,0,0,2,1,0.0,0.0,0.0,0.0,0.0,0.5,0,0,0,0,0,0,0.0,0.0,0.0,0.0,0,0,0,-1,0.0
2026年1月18日,京都,小倉山特別,2勝クラス,1400m,16,オカメノコイ,6,11,2.0,226.7,14,13,0,0.0,0,0,0,1,0.0,1.0,0.0,1.0,0.0,0.0,0,0,0,0,0,0,0.0,0.0,0.0,0.0,0,0,0,-1,0.0
2026年1月18日,京都,小倉山特別,2勝クラス,1400m,16,エルサトアナ,5,12,2.0,320.0,16,16,0,0.0,0,0,0,0,0.0,0.0,0.0,0.0,0.0,0.0,0,0,0,0,0,0,0.0,3.0,0.0,0.0,0,0,0,-1,0.0
2026年1月18日,京都,小倉山特別,2勝クラス,1400m,16,ラヴオントップ,10,13,1.0,144.0,13,2,0,0.0,0,0,2,0,0.0,0.0,0.0,0.0,0.0,0.0,0,0,0,0,0,0,0.0,0.0,0.0,0.0,0,0,0,-1,0.0
2026年1月18日,京都,小倉山特別,2勝クラス,1400m,16,ミロワール,16,14,0.0,104.5,11,8,0,0.0,0,0,0,0,0.0,0.0,0.0,0.0,0.0,1.0,0,0,0,0,0,0,0.0,0.0,0.0,0.0,0,0,0,-1,0.0
2026年1月18日,京都,小倉山特別,2勝クラス,1400m,16,グラスブランシュ,12,15,0.0,272.3,15,14,0,0.0,0,0,1,0,0.0,0.0,0.0,0.0,0.0,0.0,0,0,0,0,0,0,0.0,0.0,0.0,0.0,0,0,0,-1,0.0
2026年1月18日,京都,小倉山特別,2勝クラス,1400m,16,ミライテーラー,14,16,-1.5,83.7,10,11,0,0.0,0,0,2,0,0.0,0.0,0.0,0.0,0.0,-0.5,0,0,0,0,0,-2,0.0,0.0,0.0,0.0,0,0,0,-1,0.0
2026年1月18日,京都,大津特別,2勝クラス,1800m,16,メイショウヤシマ,7,1,11.5,4.7,2,8,0,0.0,0,4,2,0,0.0,0.0,2.0,0.5,0.0,0.0,0,0,0,0,0,0,0.0,0.0,0.0,3.0,0,0,0,0,0.0
2026年1月18日,京都,大津特別,2勝クラス,1800m,16,キングブルー,1,2,8.5,8.5,6,4,0,0.0,0,0,3,1,0.0,0.0,1.0,0.0,0.0,0.5,0,0,0,0,0,0,0.0,3.0,0.0,0.0,0,0,0,0,0.0
2026年1月18日,京都,大津特別,2勝クラス,1800m,16,バッケンレコード,12,3,8.0,3.4,1,1,0,0.0,4,0,2,0,0.0,0.0,0.0,0.5,0.0,-0.5,0,0,0,0,0,0,0.0,0.0,0.0,2.0,0,0,0,0,0.0
2026年1月18日,京都,大津特別,2勝クラス,1800m,16,ショーダンサー,8,4,8.0,4.7,3,3,0,0.0,0,0,3,1,0.0,0.0,1.0,0.0,0.0,0.0,0,0,0,0,0,0,0.0,0.0,0.0,3.0,0,0,0,0,0.0
2026年1月18日,京都,大津特別,2勝クラス,1800m,16,スマートカイロス,6,5,8.0,7.1,4,10,0,0.0,0,4,1,0,0.0,0.0,0.0,0.0,0.0,0.0,0,0,0,0,0,0,0.0,3.0,0.0,0.0,0,0,0,0,0.0
2026年1月18日,京都,大津特別,2勝クラス,1800m,16,メイショウタイピン,4,6,6.0,41.5,8,9,0,0.0,0,0,2,0,0.0,0.0,0.0,0.0,0.0,1.0,0,0,0,0,0,0,0.0,3.0,0.0,0.0,0,0,0,0,0.0
2026年1月18日,京都,大津特別,2勝クラス,1800m,16,ワンダースティング,3,7,6.0,57.7,9,16,0,0.0,0,0,3,0,0.0,0.0,0.0,0.0,0.0,0.0,0,0,0,0,0,0,0.0,3.0,0.0,0.0,0,0,0,0,0.0
2026年1月18日,京都,大津特別,2勝クラス,1800m,16,メイショウカシワデ,14,8,4.5,7.4,5,5,0,0.0,0,0,1,0,0.0,0.0,0.0,0.5,0.0,0.0,0,0,0,0,0,0,0.0,0.0,0.0,3.0,0,0,0,0,0.0
2026年1月18日,京都,大津特別,2勝クラス,1800m,16,アスクキングコング,2,9,3.5,321.8,14,14,0,0.0,2,0,1,0,0.0,0.0,0.0,0.0,0.0,0.5,0,0,0,0,0,0,0.0,0.0,0.0,0.0,0,0,0,0,0.0
2026年1月18日,京都,大津特別,2勝クラス,1800m,16,マイティマイティー,13,10,3.0,14.9,7,2,0,0.0,0,0,2,1,0.0,0.0,0.0,0.0,0.0,0.0,0,0,0,0,0,0,0.0,0.0,0.0,0.0,0,0,0,0,0.0
2026年1月18日,京都,大津特別,2勝クラス,1800m,16,メイケイロゼッタ,16,11,3.0,67.0,10,11,0,0.0,0,0,2,0,0.0,0.0,0.0,0.0,0.0,1.0,0,0,0,0,0,0,0.0,0.0,0.0,0.0,0,0,0,0,0.0
2026年1月18日,京都,大津特別,2勝クラス,1800m,16,バトンインディ,5,12,3.0,236.8,13,12,0,0.0,0,0,2,1,0.0,0.0,0.0,0.0,0.0,0.0,0,0,0,0,0,0,0.0,0.0,0.0,0.0,0,0,0,0,0.0
2026年1月18日,京都,大津特別,2勝クラス,1800m,16,トーアシオン,11,13,3.0,420.0,16,13,0,0.0,0,0,2,1,0.0,0.0,0.0,0.0,0.0,0.0,0,0,0,0,0,0,0.0,0.0,0.0,0.0,0,0,0,0,0.0
2026年1月18日,京都,大津特別,2勝クラス,1800m,16,グラティアスミノル,9,14,2.0,387.3,15,15,0,0.0,0,0,2,0,0.0,0.0,0.0,0.0,0.0,0.0,0,0,0,0,0,0,0.0,0.0,0.0,0.0,0,0,0,0,0.0
2026年1月18日,京都,大津特別,2勝クラス,1800m,16,トゥルブレンシア,15,15,1.0,155.0,12,6,0,0.0,0,0,1,0,0.0,0.0,0.0,0.0,0.0,0.0,0,0,0,0,0,0,0.0,0.0,0.0,0.0,0,0,0,0,0.0
2026年1月18日,京都,大津特別,2勝クラス,1800m,16,アルベリック,10,16,1.0,139.4,11,7,0,0.0,0,0,1,0,0.0,0.0,0.0,0.0,0.0,0.0,0,0,0,0,0,0,0.0,0.0,0.0,0.0,0,0,0,0,0.0
2026年1月24日,中山,初霞賞,2勝クラス,1800m,10,フィールオーサム,10,1,10.0,4.1,3,5,0,0.0,0,4,2,0,0.0,0.0,2.0,0.0,0.0,0.0,0,0,0,0,0,0,0.0,0.0,0.0,3.0,0,0,0,-1,0.0
2026年1月24日,中山,初霞賞,2勝クラス,1800m,10,サノノワンダー,7,2,8.0,2.5,2,2,0,0.0,0,0,3,0,0.0,0.0,1.0,0.0,1.0,0.0,0,0,0,0,0,0,0.0,0.0,0.0,3.0,0,0,0,0,0.0
2026年1月24日,中山,初霞賞,2勝クラス,1800m,10,マンダリンボレロ,2,3,7.0,67.7,8,6,0,0.0,0,0,3,0,0.0,0.0,0.0,0.0,1.0,0.0,0,0,0,0,0,0,0.0,3.0,0.0,0.0,0,0,0,0,0.0
2026年1月24日,中山,初霞賞,2勝クラス,1800m,10,ライジンマル,3,4,6.0,28.6,6,8,0,0.0,0,0,2,1,0.0,0.0,0.0,0.0,0.0,0.0,0,0,0,0,0,0,0.0,3.0,0.0,0.0,0,0,0,0,0.0
2026年1月24日,中山,初霞賞,2勝クラス,1800m,10,プルナチャンドラ,1,5,5.5,2.3,1,1,0,0.0,0,0,2,0,0.0,0.0,1.0,0.5,0.0,0.0,0,0,0,0,0,0,0.0,0.0,0.0,2.0,0,0,0,0,0.0
2026年1月24日,中山,初霞賞,2勝クラス,1800m,10,シグムンド,8,6,4.0,13.5,4,3,0,0.0,0,0,3,1,0.0,0.0,0.0,0.0,0.0,0.0,0,0,0,0,0,0,0.0,0.0,0.0,0.0,0,0,0,0,0.0
2026年1月24日,中山,初霞賞,2勝クラス,1800m,10,セザンワールド,4,7,2.0,33.5,7,4,0,0.0,0,0,1,0,0.0,0.0,0.0,1.0,0.0,0.0,0,0,0,0,0,0,0.0,0.0,0.0,0.0,0,0,0,0,0.0
2026年1月24日,中山,初霞賞,2勝クラス,1800m,10,デルマタモン,5,8,2.0,200.6,9,7,0,0.0,0,0,1,1,0.0,0.0,0.0,0.0,0.0,0.0,0,0,0,0,0,0,0.0,0.0,0.0,0.0,0,0,0,0,0.0
2026年1月24日,中山,初霞賞,2勝クラス,1800m,10,ヤウガウ,6,9,1.0,232.5,10,9,0,0.0,0,0,1,0,0.0,0.0,0.0,0.0,0.0,0.0,0,0,0,0,0,0,0.0,0.0,0.0,0.0,0,0,0,0,0.0
2026年1月24日,中山,初霞賞,2勝クラス,1800m,10,デファイ,9,10,-0.5,23.3,5,10,0,0.0,2,0,1,1,0.0,0.0,0.0,0.0,0.0,0.5,-5,0,0,0,0,0,0.0,0.0,0.0,0.0,0,0,0,-1,0.0
2026年1月24日,京都,4歳以上2勝クラス,2勝クラス,1200m,15,イマージョン,14,1,11.5,7.6,4,9,0,0.0,0,4,1,0,0.0,0.0,2.0,0.5,0.0,1.0,0,0,0,0,0,0,0.0,0.0,0.0,3.0,0,0,0,0,0.0
2026年1月24日,京都,4歳以上2勝クラス,2勝クラス,1200m,15,ヴリトラハン,10,2,10.0,4.0,1,2,0,0.0,0,2,1,1,0.0,0.0,1.0,1.0,0.0,1.0,0,0,0,0,0,0,0.0,0.0,0.0,3.0,0,0,0,0,0.0
2026年1月24日,京都,4歳以上2勝クラス,2勝クラス,1200m,15,フェデラー,5,3,9.0,6.0,3,3,0,0.0,0,4,2,1,0.0,0.0,0.0,1.0,1.0,0.0,0,0,0,0,0,0,0.0,0.0,0.0,0.0,0,0,0,0,0.0
2026年1月24日,京都,4歳以上2勝クラス,2勝クラス,1200m,15,セールヴォラン,1,4,9.0,30.5,9,13,0,0.0,0,4,2,0,0.0,0.0,2.0,0.0,0.0,0.0,0,0,0,0,0,0,-2.0,3.0,0.0,0.0,0,0,0,0,0.0
2026年1月24日,京都,4歳以上2勝クラス,2勝クラス,1200m,15,セントールビースト,9,5,6.0,59.5,13,10,0,0.0,0,4,2,0,0.0,0.0,0.0,0.0,0.0,0.0,0,0,0,0,0,0,0.0,0.0,0.0,0.0,0,0,0,0,0.0
2026年1月24日,京都,4歳以上2勝クラス,2勝クラス,1200m,15,スペシャルナンバー,4,6,5.0,13.1,7,1,0,0.0,0,0,3,0,0.0,0.0,0.0,0.5,0.0,-0.5,0,0,0,0,0,0,0.0,0.0,0.0,2.0,0,0,0,0,0.0
2026年1月24日,京都,4歳以上2勝クラス,2勝クラス,1200m,15,ビーマックス,8,7,4.0,36.7,11,7,0,0.0,0,0,2,0,0.0,0.0,0.0,0.5,0.0,-0.5,0,0,0,0,0,0,0.0,0.0,0.0,2.0,0,0,0,0,0.0
2026年1月24日,京都,4歳以上2勝クラス,2勝クラス,1200m,15,ドンパッショーネ,15,8,4.0,4.2,2,14,0,0.0,0,0,2,1,0.0,1.0,0.0,0.0,0.0,0.0,0,0,0,0,0,0,0.0,0.0,0.0,0.0,0,0,0,0,0.0
2026年1月24日,京都,4歳以上2勝クラス,2勝クラス,1200m,15,ディキシーガンナー,6,9,3.0,12.6,6,11,0,0.0,0,0,2,1,0.0,0.0,0.0,0.0,0.0,0.0,0,0,0,0,0,0,0.0,0.0,0.0,0.0,0,0,0,0,0.0
2026年1月24日,京都,4歳以上2勝クラス,2勝クラス,1200m,15,フェリ,11,10,2.0,96.8,14,4,0,0.0,2,0,1,0,0.0,0.0,0.0,0.0,0.0,0.0,0,0,0,0,0,0,0.0,0.0,0.0,0.0,0,0,0,-1,0.0
2026年1月24日,京都,4歳以上2勝クラス,2勝クラス,1200m,15,ハリーケーン,3,11,2.0,13.6,8,6,0,0.0,0,0,1,0,0.0,1.0,0.0,0.0,0.0,0.0,0,0,0,0,-2,-2,-2.0,3.0,0.0,3.0,0,0,0,0,0.0
2026年1月24日,京都,4歳以上2勝クラス,2勝クラス,1200m,15,ジーベック,7,12,2.0,44.4,12,8,0,0.0,0,0,2,0,0.0,0.0,0.0,0.0,0.0,0.0,0,0,0,0,0,0,0.0,0.0,0.0,0.0,0,0,0,0,0.0
2026年1月24日,京都,4歳以上2勝クラス,2勝クラス,1200m,15,モズナイスバディー,2,13,2.0,30.8,10,15,0,0.0,0,0,2,1,0.0,1.0,0.0,0.0,0.0,0.0,0,0,0,0,0,0,-2.0,0.0,0.0,0.0,0,0,0,0,0.0
2026年1月24日,京都,4歳以上2勝クラス,2勝クラス,1200m,15,プレアデスグループ,13,14,0.5,10.5,5,12,0,0.0,0,0,0,1,0.0,0.0,0.0,0.0,1.0,-0.5,0,0,0,0,0,0,0.0,0.0,0.0,0.0,0,0,0,-1,0.0
2026年1月24日,京都,4歳以上2勝クラス,2勝クラス,1200m,15,クラリティスケール,12,15,0.0,199.6,15,5,0,0.0,0,0,0,1,0.0,0.0,0.0,0.0,0.0,0.0,0,0,0,0,0,0,0.0,0.0,0.0,0.0,0,0,0,-1,0.0
2026年1月25日,中山,4歳以上2勝クラス,2勝クラス,1200m,15,ハードセルツァー,2,1,12.5,2.1,1,1,0,0.0,0,4,2,1,0.0,0.0,1.0,1.0,0.0,0.5,0,0,0,0,0,0,-2.0,3.0,0.0,2.0,0,0,0,0,0.0
2026年1月25日,中山,4歳以上2勝クラス,2勝クラス,1200m,15,ショウナンハクウン,5,2,12.5,6.7,4,7,0,0.0,0,4,2,0,0.0,0.0,0.0,0.0,0.0,0.5,0,0,0,0,0,0,0.0,3.0,0.0,3.0,0,0,0,0,0.0
2026年1月25日,中山,4歳以上2勝クラス,2勝クラス,1200m,15,ビーコング,12,3,11.0,25.5,7,3,0,0.0,0,4,3,0,0.0,0.0,2.0,0.0,0.0,0.0,0,0,0,0,0,0,0.0,0.0,0.0,2.0,0,0,0,0,0.0
2026年1月25日,中山,4歳以上2勝クラス,2勝クラス,1200m,15,ホウオウプレミア,9,4,6.0,18.3,5,2,0,0.0,2,0,2,0,0.0,1.0,0.0,0.0,0.0,1.0,0,0,0,0,0,0,0.0,0.0,0.0,0.0,0,0,0,0,0.0
2026年1月25日,中山,4歳以上2勝クラス,2勝クラス,1200m,15,ラヴァグロウ,3,5,6.0,65.2,9,13,0,0.0,0,4,1,0,0.0,0.0,2.0,0.0,0.0,0.0,0,0,0,0,0,0,-2.0,0.0,0.0,2.0,0,0,0,-1,0.0
2026年1月25日,中山,4歳以上2勝クラス,2勝クラス,1200m,15,ジャスパーソレイユ,8,6,5.5,5.4,3,4,0,0.0,0,0,1,0,0.0,0.0,1.0,0.5,0.0,0.0,0,0,0,0,0,0,0.0,0.0,0.0,3.0,0,0,0,0,0.0
2026年1月25日,中山,4歳以上2勝クラス,2勝クラス,1200m,15,ゲクウ,10,7,5.0,421.1,15,9,0,0.0,0,0,1,1,0.0,1.0,2.0,0.0,0.0,0.0,0,0,0,0,0,0,0.0,0.0,0.0,0.0,0,0,0,0,0.0
2026年1月25日,中山,4歳以上2勝クラス,2勝クラス,1200m,15,キングクー,7,8,4.0,85.8,11,5,0,0.0,0,0,2,0,0.0,1.0,0.0,0.0,0.0,1.0,0,0,0,0,0,0,0.0,0.0,0.0,0.0,0,0,0,0,0.0
2026年1月25日,中山,4歳以上2勝クラス,2勝クラス,1200m,15,サードウインド,15,9,4.0,103.6,12,10,0,0.0,0,0,1,1,0.0,0.0,0.0,1.0,0.0,0.0,0,0,0,0,0,0,0.0,0.0,0.0,2.0,0,0,0,-1,0.0
2026年1月25日,中山,4歳以上2勝クラス,2勝クラス,1200m,15,ロードトレゾール,6,10,4.0,25.4,6,12,0,0.0,0,0,2,1,0.0,0.0,0.0,0.0,0.0,1.0,0,0,0,0,0,0,0.0,0.0,0.0,0.0,0,0,0,0,0.0
2026年1月25日,中山,4歳以上2勝クラス,2勝クラス,1200m,15,ニタモノドウシ,14,11,4.0,4.1,2,15,0,0.0,0,0,2,1,0.0,1.0,0.0,0.0,0.0,0.0,0,0,0,0,0,0,0.0,0.0,0.0,0.0,0,0,0,0,0.0
2026年1月25日,中山,4歳以上2勝クラス,2勝クラス,1200m,15,ヘルメース,1,12,3.0,83.1,10,11,0,0.0,0,0,2,0,0.0,0.0,0.0,0.0,0.0,0.0,0,0,0,0,0,0,-2.0,3.0,0.0,0.0,0,0,0,0,0.0
2026年1月25日,中山,4歳以上2勝クラス,2勝クラス,1200m,15,ヤマメキング,11,13,3.0,40.5,8,14,0,0.0,0,0,2,1,0.0,0.0,0.0,0.0,0.0,0.0,0,0,0,0,0,0,0.0,0.0,0.0,0.0,0,0,0,0,0.0
2026年1月25日,中山,4歳以上2勝クラス,2勝クラス,1200m,15,ホウオウフロイト,13,14,2.0,204.2,13,6,0,0.0,0,0,2,0,0.0,0.0,0.0,0.0,0.0,0.0,0,0,0,0,0,0,0.0,0.0,0.0,0.0,0,0,0,0,0.0
2026年1月25日,中山,4歳以上2勝クラス,2勝クラス,1200m,15,フォーワンセルフ,4,15,2.0,273.8,14,8,0,0.0,0,0,1,0,0.0,1.0,0.0,0.0,0.0,0.0,0,0,0,0,0,0,0.0,0.0,0.0,0.0,0,0,0,0,0.0
2026年1月25日,京都,4歳以上2勝クラス,2勝クラス,1800m,10,ドゥラエテルノ,4,1,13.5,2.6,1,2,0,0.0,4,4,1,0,0.0,0.0,0.0,1.0,0.0,0.5,0,0,0,0,0,0,0.0,0.0,0.0,3.0,0,0,0,0,0.0
2026年1月25日,京都,4歳以上2勝クラス,2勝クラス,1800m,10,メイショウヤシマ,3,2,13.0,8.2,5,6,0,0.0,0,4,2,1,0.0,0.0,0.0,1.0,0.0,0.0,0,0,0,0,0,0,0.0,3.0,0.0,2.0,0,0,0,0,0.0
2026年1月25日,京都,4歳以上2勝クラス,2勝クラス,1800m,10,ショウサンジョージ,9,3,5.0,7.8,4,1,0,0.0,0,0,2,0,0.0,0.0,0.0,0.0,0.0,1.0,0,0,0,0,0,0,0.0,0.0,0.0,2.0,0,0,0,0,0.0
2026年1月25日,京都,4歳以上2勝クラス,2勝クラス,1800m,10,サムシャイン,8,4,5.0,3.0,2,3,0,0.0,0,0,1,1,0.0,0.0,0.0,0.0,0.0,0.0,0,0,0,0,0,0,0.0,0.0,0.0,3.0,0,0,0,0,0.0
2026年1月25日,京都,4歳以上2勝クラス,2勝クラス,1800m,10,ダブルジャッジ,5,5,4.5,50.8,8,10,0,0.0,0,2,2,0,0.0,0.0,0.0,0.0,0.0,0.5,0,0,0,0,0,0,0.0,0.0,0.0,0.0,0,0,0,0,0.0
2026年1月25日,京都,4歳以上2勝クラス,2勝クラス,1800m,10,サトノシュトラーセ,1,6,3.5,18.4,6,5,0,0.0,0,0,2,1,0.0,0.0,0.0,0.0,0.0,0.5,0,0,0,0,0,0,0.0,0.0,0.0,0.0,0,0,0,0,0.0
2026年1月25日,京都,4歳以上2勝クラス,2勝クラス,1800m,10,スーパージョック,7,7,3.0,5.7,3,4,0,0.0,0,0,2,1,0.0,0.0,0.0,0.0,0.0,0.0,0,0,0,0,0,0,0.0,0.0,0.0,0.0,0,0,0,0,0.0
2026年1月25日,京都,4歳以上2勝クラス,2勝クラス,1800m,10,マッスルバック,2,8,3.0,40.7,7,7,0,0.0,0,0,2,1,0.0,0.0,0.0,0.0,0.0,0.0,0,0,0,0,0,0,0.0,0.0,0.0,0.0,0,0,0,0,0.0
2026年1月25日,京都,4歳以上2勝クラス,2勝クラス,1800m,10,ヒデノレインボー,6,9,2.0,132.1,10,8,0,0.0,0,0,1,1,0.0,0.0,0.0,0.0,0.0,0.0,0,0,0,0,0,0,0.0,0.0,0.0,0.0,0,0,0,0,0.0
2026年1月25日,京都,4歳以上2勝クラス,2勝クラス,1800m,10,パーサヴィアランス,10,10,-1.0,71.5,9,9,0,0.0,0,0,2,1,0.0,1.0,0.0,0.0,0.0,0.0,-5,0,0,0,0,0,0.0,0.0,0.0,0.0,0,0,0,0,0.0
2026年1月25日,京都,プロキオンS,重賞,1800m,16,ルシュヴァルドール,1,1,12.0,12.7,8,3,0,0.0,0,0,3,0,0.0,0.0,2.0,0.0,1.0,1.0,0,0,0,0,0,0,0.0,3.0,0.0,2.0,0,0,0,0,0.0
2026年1月25日,京都,プロキオンS,重賞,1800m,16,ハナウマビーチ,5,2,12.0,27.4,10,12,0,0.0,0,4,1,1,0.0,0.0,2.0,1.0,0.0,0.0,0,0,0,0,0,0,0.0,0.0,0.0,3.0,0,0,0,0,0.0
2026年1月25日,京都,プロキオンS,重賞,1800m,16,シゲルショウグン,12,3,12.0,11.4,6,13,0,0.0,0,4,3,0,0.0,0.0,0.0,1.0,1.0,1.0,0,0,0,0,0,0,0.0,0.0,0.0,2.0,0,0,0,0,0.0
2026年1月25日,京都,プロキオンS,重賞,1800m,16,ロードクロンヌ,13,4,9.0,4.4,1,1,0,0.0,0,0,2,0,0.0,1.0,1.0,0.0,1.5,0.5,0,0,0,0,0,0,0.0,0.0,0.0,3.0,0,0,0,0,0.0
2026年1月25日,京都,プロキオンS,重賞,1800m,16,ハピ,14,5,7.5,16.2,9,6,0,0.0,0,4,1,1,0.0,0.0,0.0,1.0,0.0,0.5,0,0,0,0,0,0,0.0,0.0,0.0,0.0,0,0,0,0,0.0
2026年1月25日,京都,プロキオンS,重賞,1800m,16,ジェイパームス,10,6,7.5,5.5,2,7,0,0.0,4,0,2,0,0.0,0.0,2.0,0.0,0.0,0.5,0,-1,0,0,0,0,0.0,0.0,0.0,0.0,0,0,0,0,0.0
2026年1月25日,京都,プロキオンS,重賞,1800m,16,サイモンザナドゥ,2,7,7.5,6.7,4,9,0,0.0,0,0,2,0,0.0,0.0,1.0,0.5,1.0,0.0,0,0,0,0,0,0,0.0,0.0,0.0,3.0,0,0,0,0,0.0
2026年1月25日,京都,プロキオンS,重賞,1800m,16,クラウンプライド,6,8,7.0,49.7,13,15,0,0.0,0,0,2,0,0.0,1.0,0.0,0.0,1.0,0.0,0,0,0,0,0,0,0.0,3.0,0.0,0.0,0,0,0,0,0.0
2026年1月25日,京都,プロキオンS,重賞,1800m,16,ブライアンセンス,9,9,5.0,5.5,3,4,0,0.0,0,0,3,0,0.0,0.0,2.0,0.0,0.0,0.0,0,0,0,0,0,0,0.0,0.0,0.0,0.0,0,0,0,0,0.0
2026年1月25日,京都,プロキオンS,重賞,1800m,16,テーオーパスワード,7,10,5.0,11.0,5,10,0,0.0,0,0,3,1,0.0,0.0,0.0,0.0,1.0,0.0,0,0,0,0,0,0,0.0,0.0,0.0,0.0,0,0,0,0,0.0
2026年1月25日,京都,プロキオンS,重賞,1800m,16,セラフィックコール,15,11,4.0,11.8,7,5,0,0.0,0,0,2,1,0.0,0.0,0.0,0.0,1.0,0.0,0,0,0,0,0,0,0.0,0.0,0.0,0.0,0,0,0,0,0.0
2026年1月25日,京都,プロキオンS,重賞,1800m,16,マーブルロック,3,12,4.0,241.3,15,11,0,0.0,0,0,1,0,0.0,0.0,0.0,0.0,0.0,0.0,0,0,0,0,0,0,0.0,3.0,0.0,0.0,0,0,0,0,0.0
2026年1月25日,京都,プロキオンS,重賞,1800m,16,テーオードレフォン,4,13,3.0,131.0,14,14,0,0.0,0,0,1,1,0.0,0.0,0.0,0.0,1.0,0.0,0,0,0,0,0,0,0.0,0.0,0.0,0.0,0,0,0,0,0.0
2026年1月25日,京都,プロキオンS,重賞,1800m,16,マリオロード,8,14,2.5,249.9,16,16,0,0.0,0,0,1,1,0.0,0.0,0.0,0.0,1.0,-0.5,0,0,0,0,0,0,0.0,0.0,0.0,0.0,0,0,0,0,0.0
2026年1月25日,京都,プロキオンS,重賞,1800m,16,サンデーファンデー,16,15,2.0,43.4,11,2,0,0.0,0,0,2,0,0.0,0.0,0.0,0.0,0.0,0.0,0,0,0,0,0,0,0.0,0.0,0.0,0.0,0,0,0,0,0.0
2026年1月25日,京都,プロキオンS,重賞,1800m,16,ペイシャエス,11,16,-1.0,45.2,12,8,0,0.0,0,0,1,1,0.0,0.0,0.0,0.0,0.0,0.0,0,0,0,0,-3,0,0.0,0.0,0.0,0.0,0,0,0,0,0.0
2026年1月25日,小倉,響灘特別,2勝クラス,1700m,16,マナエトレ,9,1,8.0,3.8,2,15,0,0.0,0,0,2,0,0.0,0.0,1.0,1.0,0.0,1.0,0,0,0,0,0,0,0.0,0.0,0.0,3.0,0,0,0,0,0.0
2026年1月25日,小倉,響灘特別,2勝クラス,1700m,16,マテンロウブレイブ,7,2,6.5,3.4,1,5,0,0.0,0,0,2,0,0.0,0.0,2.0,0.5,0.0,0.0,0,0,0,0,0,0,0.0,0.0,0.0,2.0,0,0,0,0,0.0
2026年1月25日,小倉,響灘特別,2勝クラス,1700m,16,ロイガヴェーグル,6,3,5.5,34.4,9,10,0,0.0,0,0,1,1,0.0,0.0,0.0,0.0,0.0,0.5,0,0,0,0,0,0,0.0,3.0,0.0,0.0,0,0,0,0,0.0
2026年1月25日,小倉,響灘特別,2勝クラス,1700m,16,タイセイマンボ,16,4,5.0,7.5,4,6,0,0.0,0,0,2,1,0.0,0.0,2.0,0.0,0.0,0.0,0,0,0,0,0,0,0.0,0.0,0.0,0.0,0,0,0,0,0.0
2026年1月25日,小倉,響灘特別,2勝クラス,1700m,16,ワンダーカモン,5,5,4.0,67.2,10,8,0,0.0,2,0,2,0,0.0,0.0,0.0,0.0,0.0,0.0,0,0,0,0,0,0,0.0,0.0,0.0,0.0,0,0,0,0,0.0
2026年1月25日,小倉,響灘特別,2勝クラス,1700m,16,パフ,3,6,3.5,6.6,3,3,0,0.0,0,0,1,1,0.0,0.0,0.0,0.0,0.0,0.5,0,0,0,0,0,0,-2.0,3.0,0.0,0.0,0,0,0,0,0.0
2026年1月25日,小倉,響灘特別,2勝クラス,1700m,16,ライフゲート,8,7,3.0,10.8,6,4,0,0.0,0,0,1,0,0.0,0.0,0.0,0.0,0.0,0.0,0,0,0,0,0,0,0.0,0.0,0.0,2.0,0,0,0,0,0.0
2026年1月25日,小倉,響灘特別,2勝クラス,1700m,16,アベベ,12,8,3.0,218.2,13,14,0,0.0,0,0,1,1,0.0,0.0,0.0,0.0,1.0,0.0,0,0,0,0,0,0,0.0,0.0,0.0,0.0,0,0,0,0,0.0
2026年1月25日,小倉,響灘特別,2勝クラス,1700m,16,ストリンジェンド,14,9,2.5,94.6,11,9,0,0.0,0,0,2,0,0.0,0.0,0.0,0.0,0.0,0.5,0,0,0,0,0,0,0.0,0.0,0.0,0.0,0,0,0,0,0.0
2026年1月25日,小倉,響灘特別,2勝クラス,1700m,16,グランキングオー,10,10,2.0,14.8,7,13,0,0.0,0,0,2,0,0.0,0.0,0.0,0.0,0.0,0.0,0,0,0,0,0,0,0.0,0.0,0.0,0.0,0,0,0,0,0.0
2026年1月25日,小倉,響灘特別,2勝クラス,1700m,16,アースイオス,13,11,1.5,147.5,12,16,0,0.0,0,0,2,1,0.0,0.0,0.0,0.0,0.0,0.5,0,0,0,0,-2,0,0.0,0.0,0.0,0.0,0,0,0,0,0.0
2026年1月25日,小倉,響灘特別,2勝クラス,1700m,16,アイウィル,1,12,1.0,8.5,5,1,0,0.0,0,0,2,1,0.0,0.0,0.0,0.0,0.0,0.0,0,0,0,0,0,0,-2.0,0.0,0.0,0.0,0,0,0,0,0.0
2026年1月25日,小倉,響灘特別,2勝クラス,1700m,16,プレイテシア,11,13,1.0,239.5,14,7,0,0.0,0,0,1,1,0.0,0.0,0.0,0.0,0.0,0.0,0,0,0,0,0,0,0.0,0.0,0.0,0.0,0,0,0,-1,0.0
2026年1月25日,小倉,響灘特別,2勝クラス,1700m,16,キングロコマイカイ,15,14,0.5,276.9,16,11,0,0.0,0,0,2,1,0.0,1.0,0.0,0.0,0.0,0.5,0,0,0,0,-2,-2,0.0,0.0,0.0,0.0,0,0,0,0,0.0
2026年1月25日,小倉,響灘特別,2勝クラス,1700m,16,クリノラピダス,2,15,0.0,242.1,15,12,0,0.0,0,0,1,0,0.0,0.0,0.0,0.0,1.0,0.0,0,0,0,0,0,0,-2.0,0.0,0.0,0.0,0,0,0,0,0.0
2026年1月25日,小倉,響灘特別,2勝クラス,1700m,16,ギマール,4,16,-1.0,16.4,8,2,0,0.0,0,0,1,0,0.0,0.0,0.0,0.0,0.0,0.0,0,0,0,0,0,0,-2.0,0.0,0.0,0.0,0,0,0,0,0.0
2026年1月31日,東京,4歳以上2勝クラス,2勝クラス,1400m,15,モーニングマジック,8,1,10.0,5.3,4,4,0,0.0,0,4,2,0,0.0,0.0,1.0,1.0,0.0,0.0,0,0,0,0,0,0,0.0,0.0,0.0,3.0,0,0,0,-1,0.0
2026年1月31日,東京,4歳以上2勝クラス,2勝クラス,1400m,15,サトノアルペジオ,12,2,9.5,115.3,11,11,0,0.0,0,4,1,1,0.0,0.0,0.0,1.0,0.0,0.5,0,0,0,0,0,0,0.0,0.0,0.0,2.0,0,0,0,0,0.0
2026年1月31日,東京,4歳以上2勝クラス,2勝クラス,1400m,15,レッドアレグロ,9,3,9.0,5.3,3,6,0,0.0,0,2,2,1,0.0,0.0,0.0,1.0,0.0,1.0,0,0,0,0,0,0,0.0,0.0,0.0,2.0,0,0,0,0,0.0
2026年1月31日,東京,4歳以上2勝クラス,2勝クラス,1400m,15,アスクアイルビゼア,6,4,7.5,5.7,5,2,0,0.0,0,0,0,0,0.0,0.0,1.0,0.0,1.0,-0.5,0,0,0,0,0,0,0.0,3.0,0.0,3.0,0,0,0,0,0.0
2026年1月31日,東京,4歳以上2勝クラス,2勝クラス,1400m,15,フィーチャリング,11,5,7.0,19.1,6,8,0,0.0,0,4,1,0,0.0,0.0,2.0,0.0,0.0,0.0,0,0,0,0,0,0,0.0,0.0,0.0,0.0,0,0,0,0,0.0
2026年1月31日,東京,4歳以上2勝クラス,2勝クラス,1400m,15,ゴールデンカイト,14,6,6.0,3.8,1,5,0,0.0,0,0,2,0,0.0,0.0,0.0,1.0,0.0,0.0,0,0,0,0,0,0,0.0,0.0,0.0,3.0,0,0,0,0,0.0
2026年1月31日,東京,4歳以上2勝クラス,2勝クラス,1400m,15,ネイビースター,2,7,5.5,31.0,8,15,0,0.0,0,0,3,1,0.0,1.0,0.0,0.0,0.0,-0.5,0,0,0,0,0,0,-2.0,3.0,0.0,0.0,0,0,0,0,0.0
2026年1月31日,東京,4歳以上2勝クラス,2勝クラス,1400m,15,ペイシャケイプ,10,8,5.0,4.1,2,1,0,0.0,0,0,2,0,0.0,0.0,0.0,0.0,0.0,0.0,0,0,0,0,0,0,0.0,0.0,0.0,3.0,0,0,0,0,0.0
2026年1月31日,東京,4歳以上2勝クラス,2勝クラス,1400m,15,ジューンポンポン,15,9,5.0,83.2,10,12,0,0.0,4,0,2,0,0.0,0.0,0.0,0.0,0.0,0.0,0,0,0,0,0,0,0.0,0.0,0.0,0.0,0,0,0,-1,0.0
2026年1月31日,東京,4歳以上2勝クラス,2勝クラス,1400m,15,モナコブル,1,10,4.0,257.7,15,10,0,0.0,0,4,2,0,0.0,0.0,0.0,0.0,0.0,0.0,0,0,0,0,0,0,-2.0,0.0,0.0,0.0,0,0,0,0,0.0
2026年1月31日,東京,4歳以上2勝クラス,2勝クラス,1400m,15,シュヴァルツリーベ,7,11,3.0,134.8,12,9,0,0.0,0,0,3,1,0.0,0.0,0.0,0.0,0.0,0.0,0,0,0,0,0,0,0.0,0.0,0.0,0.0,0,0,0,-1,0.0
2026年1月31日,東京,4歳以上2勝クラス,2勝クラス,1400m,15,ニシノスピカ,16,12,3.0,161.2,14,14,0,0.0,0,0,3,1,0.0,0.0,0.0,0.0,0.0,0.0,0,0,0,0,0,0,0.0,0.0,0.0,0.0,0,0,0,-1,0.0
2026年1月31日,東京,4歳以上2勝クラス,2勝クラス,1400m,15,タマモヴェナトル,5,13,2.0,136.8,13,7,0,0.0,0,0,1,1,0.0,0.0,0.0,0.0,0.0,0.0,0,0,0,0,0,0,0.0,0.0,0.0,0.0,0,0,0,0,0.0
2026年1月31日,東京,4歳以上2勝クラス,2勝クラス,1400m,15,フラーハ,4,14,2.0,37.0,9,13,0,0.0,0,0,2,0,0.0,0.0,0.0,0.0,0.0,0.0,0,0,0,0,0,0,-2.0,3.0,0.0,0.0,0,0,0,-1,0.0
2026年1月31日,東京,4歳以上2勝クラス,2勝クラス,1400m,15,セントラルヴァレー,3,15,0.0,24.9,7,3,0,0.0,0,0,2,0,0.0,0.0,0.0,0.0,0.0,0.0,0,0,0,0,0,0,-2.0,0.0,0.0,0.0,0,0,0,0,0.0
2026年1月31日,京都,長浜特別,2勝クラス,1400m,13,ポッドドンナー,11,1,11.0,3.7,1,7,0,0.0,0,4,3,0,0.0,1.0,0.0,1.0,0.0,0.0,0,0,0,0,0,0,0.0,0.0,0.0,2.0,0,0,0,0,0.0
2026年1月31日,京都,長浜特別,2勝クラス,1400m,13,メイケイレイン,7,2,10.0,9.9,6,2,0,0.0,0,4,2,0,0.0,0.0,2.0,0.5,0.0,-0.5,0,0,0,0,0,0,0.0,0.0,0.0,2.0,0,0,0,0,0.0
2026年1月31日,京都,長浜特別,2勝クラス,1400m,13,ユウトザレン,4,3,9.0,6.2,4,4,0,0.0,0,4,2,1,0.0,0.0,0.0,0.0,0.0,0.0,0,0,0,0,0,0,0.0,0.0,0.0,2.0,0,0,0,0,0.0
2026年1月31日,京都,長浜特別,2勝クラス,1400m,13,アレ,13,4,9.0,7.1,5,10,0,0.0,0,4,3,0,0.0,0.0,0.0,0.0,0.0,0.0,0,0,0,0,0,0,0.0,0.0,0.0,2.0,0,0,0,0,0.0
2026年1月31日,京都,長浜特別,2勝クラス,1400m,13,ルークススペイ,2,5,6.0,4.8,3,3,0,0.0,0,0,2,0,0.0,0.0,1.0,0.0,0.0,0.0,0,0,0,0,0,0,-2.0,3.0,0.0,2.0,0,0,0,0,0.0
2026年1月31日,京都,長浜特別,2勝クラス,1400m,13,ハクサンアイリス,10,6,5.0,4.4,2,1,0,0.0,0,0,2,0,0.0,0.0,0.0,1.0,0.0,0.0,0,0,0,0,0,0,0.0,0.0,0.0,2.0,0,0,0,0,0.0
2026年1月31日,京都,長浜特別,2勝クラス,1400m,13,プリンスノット,9,7,4.0,83.3,10,6,0,0.0,2,0,2,0,0.0,0.0,0.0,0.0,0.0,0.0,0,0,0,0,0,0,0.0,0.0,0.0,0.0,0,0,0,0,0.0
2026年1月31日,京都,長浜特別,2勝クラス,1400m,13,ワイノナオミ,12,8,4.0,15.2,7,13,0,0.0,0,0,3,0,0.0,0.0,0.0,0.0,0.0,0.0,0,0,0,0,0,0,0.0,0.0,0.0,2.0,0,0,0,-1,0.0
2026年1月31日,京都,長浜特別,2勝クラス,1400m,13,サンガネーブ,3,9,3.0,122.7,12,9,0,0.0,0,0,2,1,0.0,0.0,0.0,0.0,0.0,0.0,0,0,0,0,0,0,0.0,0.0,0.0,0.0,0,0,0,0,0.0
2026年1月31日,京都,長浜特別,2勝クラス,1400m,13,トロピカルヒーロー,6,10,3.0,217.2,13,11,0,0.0,0,0,2,0,0.0,0.0,0.0,0.0,0.0,1.0,0,0,0,0,0,0,0.0,0.0,0.0,0.0,0,0,0,0,0.0
2026年1月31日,京都,長浜特別,2勝クラス,1400m,13,クリノキングマン,5,11,2.0,27.6,8,5,0,0.0,0,0,1,1,0.0,0.0,0.0,0.0,0.0,0.0,0,0,0,0,0,0,0.0,0.0,0.0,0.0,0,0,0,0,0.0
2026年1月31日,京都,長浜特別,2勝クラス,1400m,13,メモリーグラス,8,12,1.5,122.0,11,8,0,0.0,0,0,1,0,0.0,0.0,0.0,0.0,0.0,0.5,0,0,0,0,0,0,0.0,0.0,0.0,0.0,0,0,0,0,0.0
2026年1月31日,京都,長浜特別,2勝クラス,1400m,13,タイガースパーク,1,13,1.5,58.2,9,12,0,0.0,0,0,2,1,0.0,0.0,0.0,0.0,1.0,-0.5,0,0,0,0,0,0,-2.0,0.0,0.0,0.0,0,0,0,0,0.0
2026年1月31日,小倉,有田特別,2勝クラス,1000m,14,ララアヴリル,7,1,9.0,9.8,5,3,0,0.0,0,4,2,1,0.0,0.0,2.0,0.0,0.0,0.0,0,0,0,0,0,0,0.0,0.0,0.0,0.0,0,0,0,0,0.0
2026年1月31日,小倉,有田特別,2勝クラス,1000m,14,ハニーローリエ,3,2,9.0,4.2,2,6,0,0.0,0,0,2,0,0.0,0.0,2.0,0.5,0.0,-0.5,0,0,0,0,0,0,0.0,3.0,0.0,3.0,0,0,0,-1,0.0
2026年1月31日,小倉,有田特別,2勝クラス,1000m,14,ミッキーマカパ,6,3,9.0,10.3,6,8,0,0.0,0,0,2,1,0.0,1.0,0.0,1.0,0.0,1.0,0,0,0,0,0,0,0.0,0.0,0.0,3.0,0,0,0,0,0.0
2026年1月31日,小倉,有田特別,2勝クラス,1000m,14,スノーサイレンス,9,4,6.5,3.2,1,1,0,0.0,0,0,3,0,0.0,1.0,0.0,0.5,0.0,0.0,0,0,0,0,0,0,0.0,0.0,0.0,3.0,0,0,0,-1,0.0
2026年1月31日,小倉,有田特別,2勝クラス,1000m,14,ペイシャヴァルツー,14,5,6.0,15.4,7,14,0,0.0,0,4,2,0,0.0,0.0,0.0,1.0,0.0,0.0,0,0,0,0,0,0,0.0,0.0,0.0,0.0,0,0,0,-1,0.0
2026年1月31日,小倉,有田特別,2勝クラス,1000m,14,リクエイ,5,6,4.0,74.0,13,7,0,0.0,0,0,2,1,0.0,1.0,0.0,1.0,0.0,0.0,0,0,0,0,0,0,0.0,0.0,0.0,0.0,0,0,0,-1,0.0
2026年1月31日,小倉,有田特別,2勝クラス,1000m,14,タイセイアレス,11,7,3.0,51.8,12,13,0,0.0,0,4,1,0,0.0,0.0,0.0,0.0,0.0,0.0,0,0,0,0,0,-2,0.0,0.0,0.0,0.0,0,0,0,0,0.0
2026年1月31日,小倉,有田特別,2勝クラス,1000m,14,ボルセーナ,13,8,2.5,48.0,11,11,0,0.0,0,0,1,1,0.0,1.0,0.0,0.0,0.0,0.5,0,0,0,0,0,0,0.0,0.0,0.0,0.0,0,0,0,-1,0.0
2026年1月31日,小倉,有田特別,2勝クラス,1000m,14,ジョヴィアン,8,9,2.0,9.0,4,2,0,0.0,0,0,1,0,0.0,1.0,0.0,0.0,0.0,0.0,0,0,0,0,0,0,0.0,0.0,0.0,0.0,0,0,0,0,0.0
2026年1月31日,小倉,有田特別,2勝クラス,1000m,14,パールフロント,12,10,2.0,5.9,3,4,0,0.0,0,0,2,0,0.0,0.0,0.0,0.0,1.0,0.0,0,0,0,0,0,0,0.0,0.0,0.0,0.0,0,0,0,-1,0.0
2026年1月31日,小倉,有田特別,2勝クラス,1000m,14,ミルフルール,1,11,2.0,27.9,8,9,0,0.0,2,0,1,1,0.0,0.0,0.0,1.0,0.0,0.0,0,0,0,0,0,0,-2.0,0.0,0.0,0.0,0,0,0,-1,0.0
2026年1月31日,小倉,有田特別,2勝クラス,1000m,14,フレッシュラン,10,12,2.0,28.9,10,12,0,0.0,0,0,2,0,0.0,1.0,0.0,0.0,0.0,0.0,0,0,0,0,0,0,0.0,0.0,0.0,0.0,0,0,0,-1,0.0
2026年1月31日,小倉,有田特別,2勝クラス,1000m,14,アネモス,4,13,1.0,28.4,9,5,0,0.0,0,0,2,1,0.0,0.0,0.0,0.0,0.0,1.0,0,0,0,0,-2,0,0.0,0.0,0.0,0.0,0,0,0,-1,0.0
2026年1月31日,小倉,有田特別,2勝クラス,1000m,14,タミゼ,2,14,0.5,117.6,14,10,0,0.0,0,0,1,1,0.0,1.0,0.0,1.0,0.0,-0.5,0,0,0,0,0,0,-2.0,0.0,0.0,0.0,0,0,0,-1,0.0
2026年1月31日,小倉,平尾台特別,2勝クラス,1700m,16,ステアハート,5,1,11.0,4.4,2,8,0,0.0,0,0,3,1,0.0,0.0,1.0,1.0,0.0,0.0,0,0,0,0,0,0,0.0,3.0,0.0,3.0,0,0,0,-1,0.0
2026年1月31日,小倉,平尾台特別,2勝クラス,1700m,16,ステラスプレンダー,6,2,8.5,33.2,8,14,0,0.0,0,0,2,0,0.0,0.0,2.0,0.0,0.0,0.5,0,0,0,0,0,0,0.0,3.0,0.0,2.0,0,0,0,-1,0.0
2026年1月31日,小倉,平尾台特別,2勝クラス,1700m,16,エルフストラック,8,3,5.0,5.6,4,5,0,0.0,2,0,2,0,0.0,0.0,0.0,0.0,0.0,0.0,0,0,0,0,0,0,0.0,0.0,0.0,2.0,0,0,0,-1,0.0
2026年1月31日,小倉,平尾台特別,2勝クラス,1700m,16,ドゥラリス,16,4,4.5,5.2,3,1,0,0.0,0,0,1,0,0.0,0.0,2.0,0.0,0.0,0.5,0,0,0,0,0,0,0.0,0.0,0.0,2.0,0,0,0,-1,0.0
2026年1月31日,小倉,平尾台特別,2勝クラス,1700m,16,レディゴディヴァ,9,5,4.0,56.2,12,7,0,0.0,0,0,2,1,0.0,0.0,2.0,0.0,0.0,0.0,0,0,0,0,0,0,0.0,0.0,0.0,0.0,0,0,0,-1,0.0
2026年1月31日,小倉,平尾台特別,2勝クラス,1700m,16,ナリタヒカリ,4,6,4.0,45.8,11,9,0,0.0,0,0,1,0,0.0,0.0,0.0,1.0,0.0,0.0,0,0,0,0,0,0,-2.0,3.0,0.0,2.0,0,0,0,-1,0.0
2026年1月31日,小倉,平尾台特別,2勝クラス,1700m,16,レーヴドレフォン,10,7,3.0,21.2,6,12,0,0.0,0,0,2,0,0.0,0.0,2.0,0.0,0.0,0.0,0,0,0,0,0,0,0.0,0.0,0.0,0.0,0,0,0,-1,0.0
2026年1月31日,小倉,平尾台特別,2勝クラス,1700m,16,スマートプレシャス,7,8,2.0,35.6,10,4,0,0.0,0,0,2,1,0.0,0.0,0.0,0.0,0.0,0.0,0,0,0,0,0,0,0.0,0.0,0.0,0.0,0,0,0,-1,0.0
2026年1月31日,小倉,平尾台特別,2勝クラス,1700m,16,タマモナポリ,3,9,2.0,34.7,9,10,0,0.0,0,0,2,0,0.0,0.0,0.0,0.0,0.0,0.0,0,0,0,0,0,0,-2.0,3.0,0.0,0.0,0,0,0,-1,0.0
2026年1月31日,小倉,平尾台特別,2勝クラス,1700m,16,ブルーペクトライト,15,10,1.5,33.2,7,13,0,0.0,0,0,2,0,0.0,0.0,1.0,0.0,0.0,-0.5,0,0,0,0,0,0,0.0,0.0,0.0,0.0,0,0,0,-1,0.0
2026年1月31日,小倉,平尾台特別,2勝クラス,1700m,16,プウスカンドゥール,13,11,1.0,207.1,16,2,0,0.0,0,0,2,0,0.0,0.0,0.0,0.0,0.0,0.0,0,0,0,0,0,0,0.0,0.0,0.0,0.0,0,0,0,-1,0.0
2026年1月31日,小倉,平尾台特別,2勝クラス,1700m,16,コスモマルーン,12,12,1.0,100.7,14,3,0,0.0,0,0,2,0,0.0,0.0,0.0,0.0,0.0,0.0,0,0,0,0,0,0,0.0,0.0,0.0,0.0,0,0,0,-1,0.0
2026年1月31日,小倉,平尾台特別,2勝クラス,1700m,16,ヴィリアリート,11,13,1.0,2.6,1,16,0,0.0,0,0,1,1,0.0,0.0,0.0,0.0,0.0,0.0,0,0,0,0,0,0,0.0,0.0,0.0,0.0,0,0,0,-1,0.0
2026年1月31日,小倉,平尾台特別,2勝クラス,1700m,16,ユウェンタース,14,14,0.0,20.2,5,6,0,0.0,0,0,1,0,0.0,0.0,0.0,0.0,0.0,0.0,0,0,0,0,0,0,0.0,0.0,0.0,0.0,0,0,0,-1,0.0
2026年1月31日,小倉,平尾台特別,2勝クラス,1700m,16,サイモンコーラル,1,15,-2.0,96.7,13,15,0,0.0,0,0,1,0,0.0,0.0,0.0,0.0,0.0,0.0,0,0,0,0,0,0,-2.0,0.0,0.0,0.0,0,0,0,-1,0.0
2026年1月31日,小倉,平尾台特別,2勝クラス,1700m,16,オカメノコイ,2,16,-3.0,101.1,15,11,0,0.0,0,0,0,0,0.0,0.0,0.0,0.0,0.0,0.0,0,0,0,0,0,0,-2.0,0.0,0.0,0.0,0,0,0,-1,0.0
2026年2月1日,東京,4歳以上2勝クラス,2勝クラス,2100m,11,ジーティーダーリン,10,1,6.0,2.7,2,1,0,0.0,0,0,2,0,0.0,0.0,2.0,0.0,0.0,0.0,0,0,0,0,0,0,0.0,0.0,0.0,2.0,0,0,0,0,0.0
2026年2月1日,東京,4歳以上2勝クラス,2勝クラス,2100m,11,ラファールドール,6,2,5.0,57.3,9,4,0,0.0,0,0,2,1,0.0,1.0,0.0,0.0,1.0,0.0,0,0,0,0,0,0,0.0,0.0,0.0,0.0,0,0,0,0,0.0
2026年2月1日,東京,4歳以上2勝クラス,2勝クラス,2100m,11,テーオーマルコーニ,2,3,4.5,1.7,1,3,0,0.0,0,0,1,1,0.0,0.0,0.0,0.5,0.0,0.0,0,0,0,0,0,0,0.0,0.0,0.0,2.0,0,0,0,0,0.0
2026年2月1日,東京,4歳以上2勝クラス,2勝クラス,2100m,11,タッチャブル,9,4,4.5,53.3,8,9,0,0.0,2,0,2,0,0.0,0.0,0.0,0.0,0.0,0.5,0,0,0,0,0,0,0.0,0.0,0.0,0.0,0,0,0,0,0.0
2026年2月1日,東京,4歳以上2勝クラス,2勝クラス,2100m,11,インペリアルライン,11,5,4.0,38.7,6,2,0,0.0,0,0,1,1,0.0,1.0,0.0,0.0,0.0,1.0,0,0,0,0,0,0,0.0,0.0,0.0,0.0,0,0,0,0,0.0
2026年2月1日,東京,4歳以上2勝クラス,2勝クラス,2100m,11,ゴヴェルナーレリコ,1,6,3.0,41.3,7,5,0,0.0,0,0,1,0,0.0,0.0,0.0,0.0,0.0,0.0,0,0,0,0,0,0,0.0,3.0,0.0,0.0,0,0,0,-1,0.0
2026年2月1日,東京,4歳以上2勝クラス,2勝クラス,2100m,11,シャンバラ,7,7,3.0,109.4,10,7,0,0.0,0,0,2,0,0.0,1.0,0.0,0.0,0.0,0.0,0,0,0,0,0,0,0.0,0.0,0.0,0.0,0,0,0,0,0.0
2026年2月1日,東京,4歳以上2勝クラス,2勝クラス,2100m,11,シグムンド,5,8,2.0,18.7,5,6,0,0.0,0,0,2,0,0.0,0.0,0.0,0.0,0.0,0.0,0,0,0,0,0,0,0.0,0.0,0.0,0.0,0,0,0,0,0.0
2026年2月1日,東京,4歳以上2勝クラス,2勝クラス,2100m,11,ダディーズトリップ,8,9,2.0,17.5,4,10,0,0.0,0,0,2,0,0.0,0.0,0.0,0.0,0.0,0.0,0,0,0,0,0,0,0.0,0.0,0.0,0.0,0,0,0,0,0.0
2026年2月1日,東京,4歳以上2勝クラス,2勝クラス,2100m,11,イデアユウシン,3,10,1.0,331.1,11,11,0,0.0,0,0,0,0,0.0,1.0,0.0,0.0,0.0,0.0,0,0,0,0,0,0,0.0,0.0,0.0,0.0,0,0,0,0,0.0
2026年2月1日,東京,4歳以上2勝クラス,2勝クラス,2100m,11,ホウオウベルクソン,4,11,-0.5,10.1,3,8,0,0.0,0,0,1,0,0.0,0.0,0.0,0.0,0.0,0.5,0,0,0,0,0,-2,0.0,0.0,0.0,0.0,0,0,0,0,0.0
2026年2月1日,東京,根岸S,重賞,1400m,16,ウェイワードアクト,1,1,16.0,5.0,3,7,0,0.0,0,4,3,1,0.0,0.0,2.0,1.0,1.0,0.0,0,0,0,0,0,0,-2.0,3.0,0.0,3.0,0,0,0,0,0.0
2026年2月1日,東京,根岸S,重賞,1400m,16,インユアパレス,8,2,14.5,3.9,2,9,0,0.0,0,4,3,0,0.0,0.0,2.0,1.0,1.5,0.0,0,0,0,0,0,0,0.0,0.0,0.0,3.0,0,0,0,0,0.0
2026年2月1日,東京,根岸S,重賞,1400m,16,ダノンフィーゴ,7,3,11.0,7.2,4,3,0,0.0,0,4,1,0,0.0,0.0,2.0,1.0,0.0,0.0,0,0,0,0,0,0,0.0,0.0,0.0,3.0,0,0,0,0,0.0
2026年2月1日,東京,根岸S,重賞,1400m,16,マテンロウコマンド,6,4,10.0,26.6,9,11,0,0.0,0,0,2,0,0.0,0.0,1.0,0.0,1.0,0.0,0,0,0,0,0,0,0.0,3.0,0.0,3.0,0,0,0,0,0.0
2026年2月1日,東京,根岸S,重賞,1400m,16,サントノーレ,15,5,8.0,19.1,7,10,0,0.0,0,0,2,1,0.0,1.0,0.0,1.0,1.0,0.0,0,0,0,0,0,0,0.0,0.0,0.0,2.0,0,0,0,0,0.0
2026年2月1日,東京,根岸S,重賞,1400m,16,フェブランシェ,16,6,7.5,32.8,10,12,0,0.0,0,0,3,1,0.0,0.0,1.0,0.0,1.0,0.5,0,0,0,0,0,0,0.0,0.0,0.0,2.0,0,0,0,-1,0.0
2026年2月1日,東京,根岸S,重賞,1400m,16,エンペラーワケア,9,7,7.0,3.9,1,6,0,0.0,0,0,1,1,0.0,0.0,1.0,0.0,0.0,1.0,0,0,0,0,0,0,0.0,0.0,0.0,3.0,0,0,0,0,0.0
2026年2月1日,東京,根岸S,重賞,1400m,16,オメガギネス,3,8,5.0,8.9,5,4,0,0.0,0,2,3,0,0.0,1.0,0.0,1.0,0.0,0.0,0,0,0,0,0,0,-2.0,0.0,0.0,0.0,0,0,0,0,0.0
2026年2月1日,東京,根岸S,重賞,1400m,16,ロードフォンス,2,9,4.0,13.2,6,1,0,0.0,0,0,3,0,0.0,1.0,0.0,0.0,1.0,1.0,0,0,0,0,0,0,-2.0,0.0,0.0,0.0,0,0,0,0,0.0
2026年2月1日,東京,根岸S,重賞,1400m,16,メイショウカズサ,13,10,2.0,216.1,15,14,0,0.0,0,0,2,0,0.0,0.0,0.0,0.0,0.0,0.0,0,0,0,0,0,0,0.0,0.0,0.0,0.0,0,0,0,0,0.0
2026年2月1日,東京,根岸S,重賞,1400m,16,ネオトキオ,14,11,1.5,207.2,14,15,0,0.0,0,0,2,0,0.0,0.0,0.0,1.0,1.0,-0.5,0,-5,0,0,0,0,0.0,0.0,0.0,3.0,0,0,0,0,0.0
2026年2月1日,東京,根岸S,重賞,1400m,16,マピュース,12,12,1.0,25.9,8,5,0,0.0,0,0,3,0,0.0,1.0,0.0,0.0,2.0,0.0,-5,0,0,0,0,0,0.0,0.0,0.0,0.0,0,0,0,-1,0.0
2026年2月1日,東京,根岸S,重賞,1400m,16,アルファマム,4,13,0.0,65.0,12,13,0,0.0,2,0,3,0,0.0,0.0,0.0,0.0,0.0,0.0,0,-2,0,0,0,0,-2.0,0.0,0.0,0.0,0,0,0,-1,0.0
2026年2月1日,東京,根岸S,重賞,1400m,16,バトルクライ,10,14,-0.5,150.9,13,2,0,0.0,0,0,2,0,0.0,0.0,0.0,0.0,0.0,0.5,0,-3,0,0,0,0,0.0,0.0,0.0,0.0,0,0,0,0,0.0
2026年2月1日,東京,根岸S,重賞,1400m,16,チカッパ,5,15,-0.5,40.0,11,8,0,0.0,0,0,1,0,0.0,0.0,0.0,0.0,1.0,0.5,0,-3,0,0,0,0,0.0,0.0,0.0,0.0,0,0,0,0,0.0
2026年2月1日,東京,根岸S,重賞,1400m,16,ケイアイドリー,11,16,-1.0,284.7,16,16,0,0.0,0,0,2,1,0.0,0.0,0.0,0.0,1.0,0.0,0,-3,0,0,0,-2,0.0,0.0,0.0,0.0,0,0,0,0,0.0
2026年2月1日,京都,衣笠特別,2勝クラス,1800m,11,サンライズバレット,7,1,17.0,3.3,1,2,0,0.0,4,4,2,1,0.0,0.0,2.0,0.0,0.0,1.0,0,0,0,0,0,0,0.0,0.0,0.0,3.0,0,0,0,0,0.0
2026年2月1日,京都,衣笠特別,2勝クラス,1800m,11,ブルックリンダンス,4,2,12.0,3.5,2,7,0,0.0,0,4,3,1,0.0,0.0,0.0,1.0,0.0,0.0,0,0,0,0,0,0,0.0,0.0,0.0,3.0,0,0,0,0,0.0
2026年2月1日,京都,衣笠特別,2勝クラス,1800m,11,プリンセッサ,1,3,11.0,7.5,5,5,0,0.0,0,4,3,0,0.0,0.0,2.0,0.0,0.0,0.0,0,0,0,0,0,0,0.0,3.0,0.0,0.0,0,0,0,-1,0.0
2026年2月1日,京都,衣笠特別,2勝クラス,1800m,11,ソウルアンドジャズ,5,4,5.0,6.9,4,3,0,0.0,0,0,2,0,0.0,0.0,0.0,0.0,0.0,0.0,0,0,0,0,0,0,0.0,0.0,0.0,3.0,0,0,0,0,0.0
2026年2月1日,京都,衣笠特別,2勝クラス,1800m,11,キングブルー,2,5,3.0,4.6,3,1,0,0.0,0,0,2,0,0.0,0.0,0.0,0.5,0.0,0.5,0,0,0,0,0,0,0.0,0.0,0.0,0.0,0,0,0,0,0.0
2026年2月1日,京都,衣笠特別,2勝クラス,1800m,11,ジョータルマエ,6,6,3.0,10.1,6,4,0,0.0,0,0,1,0,0.0,1.0,0.0,0.0,1.0,0.0,0,0,0,0,0,0,0.0,0.0,0.0,0.0,0,0,0,0,0.0
2026年2月1日,京都,衣笠特別,2勝クラス,1800m,11,フイノマジワリ,9,7,2.5,155.1,10,10,0,0.0,0,0,1,0,0.0,0.0,2.0,0.0,0.0,0.5,0,0,0,0,0,0,0.0,0.0,0.0,0.0,0,0,0,-1,0.0
2026年2月1日,京都,衣笠特別,2勝クラス,1800m,11,ウインアルドーレ,8,8,2.0,22.1,7,11,0,0.0,0,0,1,0,0.0,0.0,0.0,0.0,1.0,0.0,0,0,0,0,0,0,0.0,0.0,0.0,0.0,0,0,0,0,0.0
2026年2月1日,京都,衣笠特別,2勝クラス,1800m,11,アルベリック,10,9,1.0,54.7,8,6,0,0.0,0,0,1,0,0.0,0.0,0.0,0.0,0.0,0.0,0,0,0,0,0,0,0.0,0.0,0.0,0.0,0,0,0,0,0.0
2026年2月1日,京都,衣笠特別,2勝クラス,1800m,11,ヒデノレインボー,3,10,1.0,100.5,9,9,0,0.0,0,0,1,0,0.0,0.0,0.0,0.0,0.0,0.0,0,0,0,0,0,0,0.0,0.0,0.0,0.0,0,0,0,0,0.0
2026年2月1日,京都,衣笠特別,2勝クラス,1800m,11,サイモンルモンド,11,11,0.0,383.9,11,8,0,0.0,0,0,0,0,0.0,0.0,0.0,0.0,0.0,0.0,0,0,0,0,0,0,0.0,0.0,0.0,0.0,0,0,0,0,0.0
2026年2月1日,小倉,門司S,OP,1700m,15,レイナデアルシーラ,2,1,11.0,6.1,3,12,0,0.0,0,4,2,0,0.0,0.0,0.0,1.0,1.0,0.0,0,0,0,0,0,0,-2.0,3.0,0.0,3.0,0,0,0,-1,0.0
2026年2月1日,小倉,門司S,OP,1700m,15,スナークラファエロ,1,2,9.0,5.5,1,8,0,0.0,0,0,3,0,0.0,1.0,0.0,0.0,1.0,1.0,0,0,0,0,0,0,-2.0,3.0,0.0,2.0,0,0,0,0,0.0
2026年2月1日,小倉,門司S,OP,1700m,15,クラウンシエンタ,3,3,7.0,13.5,8,3,0,0.0,0,0,1,0,0.0,0.0,0.0,1.0,1.0,0.0,0,0,0,0,0,0,-2.0,3.0,0.0,3.0,0,0,0,0,0.0
2026年2月1日,小倉,門司S,OP,1700m,15,ペプチドソレイユ,10,4,6.0,27.4,10,6,0,0.0,2,0,2,1,0.0,1.0,0.0,0.0,0.0,0.0,0,0,0,0,0,0,0.0,0.0,0.0,0.0,0,0,0,0,0.0
2026年2月1日,小倉,門司S,OP,1700m,15,ハギノサステナブル,13,5,5.0,5.6,2,2,0,0.0,0,0,2,0,0.0,0.0,0.0,0.5,1.0,-0.5,0,0,0,0,0,0,0.0,0.0,0.0,2.0,0,0,0,0,0.0
2026年2月1日,小倉,門司S,OP,1700m,15,ハグ,15,6,4.0,8.3,6,10,0,0.0,0,0,2,0,0.0,1.0,0.0,0.0,1.0,0.0,0,0,0,0,0,0,0.0,0.0,0.0,0.0,0,0,0,0,0.0
2026年2月1日,小倉,門司S,OP,1700m,15,カンピオーネ,11,7,3.0,17.5,9,4,0,0.0,0,0,1,1,0.0,1.0,0.0,0.0,0.0,0.0,0,0,0,0,0,0,0.0,0.0,0.0,0.0,0,0,0,0,0.0
2026年2月1日,小倉,門司S,OP,1700m,15,サンマルパトロール,4,8,3.0,98.9,15,5,0,0.0,0,0,2,1,0.0,0.0,0.0,0.0,0.0,0.0,0,0,0,0,0,0,0.0,0.0,0.0,0.0,0,0,0,0,0.0
2026年2月1日,小倉,門司S,OP,1700m,15,ラタフォレスト,12,9,2.0,7.5,4,9,0,0.0,0,0,1,0,0.0,0.0,0.0,0.0,1.0,0.0,0,0,0,0,0,0,0.0,0.0,0.0,0.0,0,0,0,0,0.0
2026年2月1日,小倉,門司S,OP,1700m,15,コトホドサヨウニ,6,10,1.0,8.1,5,1,0,0.0,0,0,0,0,0.0,0.0,0.0,0.0,1.0,0.0,0,0,0,0,0,0,0.0,0.0,0.0,0.0,0,0,0,0,0.0
2026年2月1日,小倉,門司S,OP,1700m,15,プリンスミノル,14,11,0.0,48.1,11,14,0,0.0,0,0,2,1,0.0,0.0,0.0,0.0,0.0,0.0,0,0,0,0,-3,0,0.0,0.0,0.0,0.0,0,0,0,0,0.0
2026年2月1日,小倉,門司S,OP,1700m,15,スマートアイ,5,12,0.0,81.1,14,15,0,0.0,0,0,2,0,0.0,0.0,0.0,0.0,0.0,0.0,0,-5,0,0,0,0,0.0,3.0,0.0,0.0,0,0,0,-1,0.0
2026年2月1日,小倉,門司S,OP,1700m,15,マリアナトレンチ,8,13,-1.5,58.3,12,13,0,0.0,0,0,2,0,0.0,0.0,0.0,0.0,0.0,-0.5,0,0,0,0,-3,0,0.0,0.0,0.0,0.0,0,0,0,0,0.0
2026年2月1日,小倉,門司S,OP,1700m,15,ヴーレヴー,9,14,-2.0,8.7,7,11,0,0.0,0,0,2,0,0.0,1.0,0.0,0.0,0.0,0.0,-5,0,0,0,0,0,0.0,0.0,0.0,0.0,0,0,0,-1,0.0
2026年2月1日,小倉,門司S,OP,1700m,15,ピースオブザライフ,7,15,-2.5,63.4,13,7,0,0.0,0,0,2,0,0.0,0.0,0.0,0.0,0.0,-0.5,0,0,0,0,-3,0,0.0,0.0,0.0,0.0,0,0,0,-1,0.0
2026年2月7日,京都,アルデバランS,OP,1900m,16,ピカピカサンダー,3,1,14.0,7.8,5,13,0,0.0,0,0,3,1,0.0,1.0,2.0,1.0,0.0,0.0,0,0,0,0,0,0,0.0,3.0,0.0,3.0,0,0,0,0,0.0
2026年2月7日,京都,アルデバランS,OP,1900m,16,キョウキランブ,2,2,14.0,5.4,3,15,0,0.0,0,0,3,0,0.0,1.0,2.0,1.0,1.0,0.0,0,0,0,0,0,0,0.0,3.0,0.0,3.0,0,0,0,0,0.0
2026年2月7日,京都,アルデバランS,OP,1900m,16,トリポリタニア,13,3,11.0,4.7,2,6,0,0.0,0,2,2,1,0.0,0.0,2.0,1.0,0.0,0.0,0,0,0,0,0,0,0.0,0.0,0.0,3.0,0,0,0,0,0.0
2026年2月7日,京都,アルデバランS,OP,1900m,16,ミッキークレスト,11,4,9.0,17.8,8,4,0,0.0,0,0,2,1,0.0,0.0,0.0,1.0,1.0,1.0,0,0,0,0,0,0,0.0,0.0,0.0,3.0,0,0,0,0,0.0
2026年2月7日,京都,アルデバランS,OP,1900m,16,ディープリボーン,10,5,8.5,4.6,1,7,0,0.0,0,0,3,1,0.0,0.0,0.0,0.5,1.0,0.0,0,0,0,0,0,0,0.0,0.0,0.0,3.0,0,0,0,0,0.0
2026年2月7日,京都,アルデバランS,OP,1900m,16,ドラゴンブースト,6,6,8.5,18.5,9,16,0,0.0,4,0,2,1,0.0,0.0,2.0,0.0,1.5,0.0,-5,0,0,0,0,0,0.0,3.0,0.0,0.0,0,0,0,0,0.0
2026年2月7日,京都,アルデバランS,OP,1900m,16,ロードプレジール,15,7,7.0,38.2,10,2,0,0.0,0,0,2,0,0.0,0.0,2.0,0.0,0.0,1.0,0,0,0,0,0,0,0.0,0.0,0.0,2.0,0,0,0,0,0.0
2026年2月7日,京都,アルデバランS,OP,1900m,16,ジューンアヲニヨシ,16,8,6.5,13.1,7,14,0,0.0,0,0,3,0,0.0,0.0,0.0,0.5,0.0,1.0,0,0,0,0,0,0,0.0,0.0,0.0,2.0,0,0,0,0,0.0
2026年2月7日,京都,アルデバランS,OP,1900m,16,ゼットリアン,7,9,6.0,13.1,6,1,0,0.0,0,0,1,0,0.0,0.0,0.0,0.5,1.0,0.5,0,0,0,0,0,0,0.0,0.0,0.0,3.0,0,0,0,0,0.0
2026年2月7日,京都,アルデバランS,OP,1900m,16,タイトニット,12,10,5.0,5.8,4,9,0,0.0,0,0,3,0,0.0,0.0,1.0,0.0,0.0,1.0,0,0,0,0,0,0,0.0,0.0,0.0,0.0,0,0,0,0,0.0
2026年2月7日,京都,アルデバランS,OP,1900m,16,フォーチュンテラー,9,11,5.0,150.9,14,11,0,0.0,0,2,1,1,0.0,0.0,0.0,0.0,1.0,0.0,0,0,0,0,0,0,0.0,0.0,0.0,0.0,0,0,0,0,0.0
2026年2月7日,京都,アルデバランS,OP,1900m,16,リアレスト,1,12,3.5,87.9,12,3,0,0.0,0,0,3,0,0.0,0.0,0.0,0.0,0.0,0.5,0,0,0,0,0,0,0.0,0.0,0.0,0.0,0,0,0,0,0.0
2026年2月7日,京都,アルデバランS,OP,1900m,16,エナハツホ,5,13,2.0,221.3,15,10,0,0.0,0,0,3,0,0.0,0.0,0.0,0.0,0.0,0.0,0,0,0,0,0,0,0.0,0.0,0.0,0.0,0,0,0,-1,0.0
2026年2月7日,京都,アルデバランS,OP,1900m,16,メイショウユズルハ,14,14,1.0,283.6,16,5,0,0.0,0,0,2,1,0.0,0.0,0.0,0.0,0.0,0.0,0,0,0,0,0,-2,0.0,0.0,0.0,0.0,0,0,0,0,0.0
2026年2月7日,京都,アルデバランS,OP,1900m,16,ホールシバン,4,15,-2.0,112.9,13,12,0,0.0,0,0,2,1,0.0,0.0,0.0,0.0,0.0,0.0,0,-5,0,0,-3,0,0.0,0.0,0.0,0.0,0,0,0,0,0.0
2026年2月7日,京都,アルデバランS,OP,1900m,16,シュバルツクーゲル,8,16,-4.0,45.9,11,8,0,0.0,0,0,0,0,0.0,0.0,0.0,0.0,0.0,1.0,-5,0,0,0,0,0,0.0,0.0,0.0,0.0,0,0,0,0,0.0
2026年2月8日,小倉,由布院特別,2勝クラス,1700m,15,ディアウス,10,1,7.0,7.8,5,2,0,0.0,0,0,1,0,0.0,0.0,2.0,1.0,0.0,0.0,0,0,0,0,0,0,0.0,0.0,0.0,3.0,0,0,0,0,0.0
2026年2月8日,小倉,由布院特別,2勝クラス,1700m,15,パフ,8,2,5.5,5.4,2,1,0,0.0,0,0,2,1,0.0,0.0,0.0,0.0,0.0,0.5,0,0,0,0,0,0,0.0,0.0,0.0,2.0,0,0,0,0,0.0
2026年2月8日,小倉,由布院特別,2勝クラス,1700m,15,サンライズシュガー,14,3,4.5,15.8,7,6,0,0.0,0,0,2,1,0.0,0.0,2.0,0.0,0.0,-0.5,0,0,0,0,0,0,0.0,0.0,0.0,0.0,0,0,0,0,0.0
2026年2月8日,小倉,由布院特別,2勝クラス,1700m,15,タイセイミッション,12,4,4.0,8.0,6,3,0,0.0,0,0,2,0,0.0,0.0,0.0,0.5,0.0,-0.5,0,0,0,0,0,0,0.0,0.0,0.0,2.0,0,0,0,0,0.0
2026年2月8日,小倉,由布院特別,2勝クラス,1700m,15,マルカブリッツ,4,5,4.0,59.7,13,14,0,0.0,0,0,2,1,0.0,0.0,0.0,0.0,0.0,0.0,0,0,0,0,0,0,-2.0,3.0,0.0,0.0,0,0,0,0,0.0
2026年2月8日,小倉,由布院特別,2勝クラス,1700m,15,アストラカ,15,6,3.0,37.6,9,11,0,0.0,0,0,2,1,0.0,0.0,0.0,0.0,0.0,0.0,0,0,0,0,0,0,0.0,0.0,0.0,0.0,0,0,0,0,0.0
2026年2月8日,小倉,由布院特別,2勝クラス,1700m,15,ライフゲート,2,7,2.0,4.8,1,4,0,0.0,0,0,1,0,0.0,0.0,0.0,0.0,0.0,0.0,0,0,0,0,0,0,-2.0,3.0,0.0,0.0,0,0,0,0,0.0
2026年2月8日,小倉,由布院特別,2勝クラス,1700m,15,メイショウソウセキ,1,8,2.0,70.8,14,13,0,0.0,0,0,1,0,0.0,0.0,0.0,0.0,0.0,0.0,0,0,0,0,0,0,-2.0,3.0,0.0,0.0,0,0,0,0,0.0
2026年2月8日,小倉,由布院特別,2勝クラス,1700m,15,ポッドフォルク,9,9,1.5,5.6,3,9,0,0.0,0,0,1,0,0.0,0.0,0.0,0.5,0.0,0.0,0,0,0,0,0,0,0.0,0.0,0.0,0.0,0,0,0,0,0.0
2026年2月8日,小倉,由布院特別,2勝クラス,1700m,15,キングロコマイカイ,5,10,1.5,123.7,16,10,0,0.0,0,0,2,1,0.0,0.0,0.0,0.0,0.0,0.5,0,0,0,0,-2,0,0.0,0.0,0.0,0.0,0,0,0,0,0.0
2026年2月8日,小倉,由布院特別,2勝クラス,1700m,15,グランキングオー,13,11,1.0,22.9,8,8,0,0.0,0,0,2,1,0.0,0.0,0.0,0.0,0.0,0.0,0,0,0,0,-2,0,0.0,0.0,0.0,0.0,0,0,0,0,0.0
2026年2月8日,小倉,由布院特別,2勝クラス,1700m,15,サンキャメロン,11,12,1.0,40.2,10,12,0,0.0,0,0,1,1,0.0,0.0,0.0,0.0,0.0,0.0,0,0,0,0,0,0,0.0,0.0,0.0,0.0,0,0,0,-1,0.0
2026年2月8日,小倉,由布院特別,2勝クラス,1700m,15,ヤマニンガラッシア,16,13,0.5,45.3,12,15,0,0.0,2,0,2,1,0.0,0.0,0.0,0.0,0.0,0.5,-5,0,0,0,0,0,0.0,0.0,0.0,0.0,0,0,0,0,0.0
2026年2月8日,小倉,由布院特別,2勝クラス,1700m,15,タイヨウフレア,3,14,-1.0,42.7,11,5,0,0.0,0,0,1,1,0.0,0.0,0.0,0.0,0.0,0.0,0,0,0,0,0,0,-2.0,0.0,0.0,0.0,0,0,0,-1,0.0
2026年2月8日,小倉,由布院特別,2勝クラス,1700m,15,グレイスオブゴッド,7,15,-1.0,75.4,15,7,0,0.0,0,0,1,1,0.0,0.0,0.0,0.0,0.0,0.0,0,0,0,0,-2,0,0.0,0.0,0.0,0.0,0,0,0,-1,0.0
2026年2月14日,東京,4歳以上2勝クラス,2勝クラス,1600m,16,アデランテ,2,1,12.0,23.0,6,1,0,0.0,0,4,2,1,0.0,0.0,2.0,0.0,0.0,0.0,0,0,0,0,0,0,-2.0,3.0,0.0,2.0,0,0,0,0,0.0
2026年2月14日,東京,4歳以上2勝クラス,2勝クラス,1600m,16,ヘリオトロープ,11,2,11.5,2.2,1,3,0,0.0,0,4,2,0,0.0,0.0,2.0,0.5,0.0,0.0,0,0,0,0,0,0,0.0,0.0,0.0,3.0,0,0,0,0,0.0
2026年2月14日,東京,4歳以上2勝クラス,2勝クラス,1600m,16,エーリアル,6,3,9.0,38.1,9,5,0,0.0,0,0,3,1,0.0,1.0,0.0,0.0,0.0,0.0,0,0,0,0,0,0,0.0,3.0,0.0,2.0,0,0,0,-1,0.0
2026年2月14日,東京,4歳以上2勝クラス,2勝クラス,1600m,16,チュウワチーフ,5,4,9.0,9.6,4,7,0,0.0,0,4,1,0,0.0,0.0,0.0,1.0,0.0,0.0,0,0,0,0,0,0,0.0,3.0,0.0,0.0,0,0,0,0,0.0
2026年2月14日,東京,4歳以上2勝クラス,2勝クラス,1600m,16,スカイビート,16,5,9.0,39.6,10,16,0,0.0,0,4,2,0,0.0,0.0,2.0,0.0,0.0,0.0,0,0,0,0,0,0,0.0,0.0,0.0,2.0,0,0,0,-1,0.0
2026年2月14日,東京,4歳以上2勝クラス,2勝クラス,1600m,16,プライベートアイズ,13,6,5.0,32.8,8,4,0,0.0,0,2,3,0,0.0,1.0,0.0,1.0,0.0,0.0,0,0,0,0,-2,-2,0.0,0.0,0.0,2.0,0,0,0,0,0.0
2026年2月14日,東京,4歳以上2勝クラス,2勝クラス,1600m,16,マイティマイティー,12,7,5.0,8.1,3,9,0,0.0,0,0,3,0,0.0,1.0,1.0,0.0,0.0,0.0,0,0,0,0,0,0,0.0,0.0,0.0,0.0,0,0,0,0,0.0
2026年2月14日,東京,4歳以上2勝クラス,2勝クラス,1600m,16,キョウエイフロイデ,8,8,4.5,24.5,7,2,0,0.0,0,0,2,0,0.0,1.0,2.0,0.5,0.0,0.0,0,0,0,0,0,0,0.0,0.0,0.0,0.0,0,0,0,-1,0.0
2026年2月14日,東京,4歳以上2勝クラス,2勝クラス,1600m,16,アルドール,7,9,4.5,51.2,11,6,0,0.0,0,4,2,1,0.0,0.0,0.0,0.0,0.0,0.5,0,0,0,0,0,-2,0.0,0.0,0.0,0.0,0,0,0,-1,0.0
2026年2月14日,東京,4歳以上2勝クラス,2勝クラス,1600m,16,クレイヴィンオナー,15,10,3.0,147.7,13,11,0,0.0,0,0,2,1,0.0,0.0,0.0,0.0,0.0,0.0,0,0,0,0,0,0,0.0,0.0,0.0,0.0,0,0,0,0,0.0
2026年2月14日,東京,4歳以上2勝クラス,2勝クラス,1600m,16,コスモストーム,10,11,2.0,3.3,2,8,0,0.0,0,0,2,0,0.0,0.0,0.0,0.0,0.0,0.0,0,0,0,0,0,0,0.0,0.0,0.0,0.0,0,0,0,0,0.0
2026年2月14日,東京,4歳以上2勝クラス,2勝クラス,1600m,16,ラオラシオン,9,12,2.0,86.0,12,12,0,0.0,0,0,1,1,0.0,1.0,0.0,0.0,1.0,0.0,0,0,0,0,-2,0,0.0,0.0,0.0,0.0,0,0,0,0,0.0
2026年2月14日,東京,4歳以上2勝クラス,2勝クラス,1600m,16,ジャズ,14,13,0.5,14.3,5,15,0,0.0,2,0,2,0,0.0,0.0,0.0,0.0,1.0,0.5,-5,0,0,0,0,0,0.0,0.0,0.0,0.0,0,0,0,0,0.0
2026年2月14日,東京,4歳以上2勝クラス,2勝クラス,1600m,16,ファイヴレター,1,14,-1.0,371.0,16,10,0,0.0,0,0,2,1,0.0,0.0,0.0,0.0,0.0,0.0,0,0,0,0,-2,0,-2.0,0.0,0.0,0.0,0,0,0,0,0.0
2026年2月14日,東京,4歳以上2勝クラス,2勝クラス,1600m,16,ニシノクードクール,3,15,-1.0,265.3,15,14,0,0.0,0,0,2,0,0.0,0.0,0.0,0.0,0.0,0.0,0,0,0,0,0,0,-2.0,0.0,0.0,0.0,0,0,0,-1,0.0
2026年2月14日,東京,4歳以上2勝クラス,2勝クラス,1600m,16,レッドセニョール,4,16,-2.0,218.0,14,13,0,0.0,0,0,2,0,0.0,0.0,0.0,0.0,0.0,0.0,0,0,0,0,-2,0,-2.0,0.0,0.0,0.0,0,0,0,0,0.0
2026年2月14日,京都,4歳以上2勝クラス,2勝クラス,1900m,13,ロカヒ,1,1,14.5,2.3,1,1,0,0.0,4,2,3,0,0.0,0.0,2.0,0.5,0.0,1.0,0,0,0,0,0,0,0.0,0.0,0.0,2.0,0,0,0,0,0.0
2026年2月14日,京都,4歳以上2勝クラス,2勝クラス,1900m,13,ハッピーダンチャン,6,2,9.0,11.3,5,11,0,0.0,0,4,2,0,0.0,1.0,0.0,0.0,0.0,0.0,0,0,0,0,0,0,0.0,0.0,0.0,2.0,0,0,0,0,0.0
2026年2月14日,京都,4歳以上2勝クラス,2勝クラス,1900m,13,レッドボブ,2,3,7.0,11.4,6,6,0,0.0,0,0,0,0,0.0,0.0,2.0,0.0,0.0,0.0,0,0,0,0,0,0,0.0,3.0,0.0,2.0,0,0,0,0,0.0
2026年2月14日,京都,4歳以上2勝クラス,2勝クラス,1900m,13,ソウルアンドジャズ,12,4,5.0,3.1,2,4,0,0.0,0,0,2,0,0.0,0.0,0.0,0.0,0.0,0.0,0,0,0,0,0,0,0.0,0.0,0.0,3.0,0,0,0,0,0.0
2026年2月14日,京都,4歳以上2勝クラス,2勝クラス,1900m,13,ゲンパチルーナ,13,5,4.0,46.3,8,8,0,0.0,0,0,1,1,0.0,0.0,0.0,1.0,0.0,0.0,0,0,0,0,0,0,0.0,0.0,0.0,2.0,0,0,0,-1,0.0
2026年2月14日,京都,4歳以上2勝クラス,2勝クラス,1900m,13,タイガースパーク,10,6,3.0,47.7,9,3,0,0.0,0,0,2,0,0.0,0.0,0.0,0.0,0.0,1.0,0,0,0,0,0,0,0.0,0.0,0.0,0.0,0,0,0,0,0.0
2026年2月14日,京都,4歳以上2勝クラス,2勝クラス,1900m,13,マンダリンボレロ,11,7,3.0,83.8,11,5,0,0.0,0,0,2,0,0.0,0.0,0.0,0.0,1.0,0.0,0,0,0,0,0,0,0.0,0.0,0.0,0.0,0,0,0,0,0.0
2026年2月14日,京都,4歳以上2勝クラス,2勝クラス,1900m,13,グランオース,4,8,3.0,154.2,13,12,0,0.0,0,0,3,1,0.0,1.0,0.0,0.0,0.0,0.0,0,0,0,0,0,-2,0.0,0.0,0.0,0.0,0,0,0,0,0.0
2026年2月14日,京都,4歳以上2勝クラス,2勝クラス,1900m,13,ノボリクレバー,5,9,2.0,10.9,4,2,0,0.0,0,0,2,0,0.0,0.0,0.0,0.0,1.0,0.0,0,0,0,0,0,0,0.0,0.0,0.0,0.0,0,0,0,-1,0.0
2026年2月14日,京都,4歳以上2勝クラス,2勝クラス,1900m,13,バトンインディ,7,10,2.0,116.7,12,9,0,0.0,0,0,2,0,0.0,0.0,0.0,0.0,0.0,0.0,0,0,0,0,0,0,0.0,0.0,0.0,0.0,0,0,0,0,0.0
2026年2月14日,京都,4歳以上2勝クラス,2勝クラス,1900m,13,マナエトレ,8,11,2.0,7.9,3,13,0,0.0,0,0,1,0,0.0,0.0,0.0,0.5,0.0,0.5,0,0,0,0,-2,0,0.0,0.0,0.0,2.0,0,0,0,0,0.0
2026年2月14日,京都,4歳以上2勝クラス,2勝クラス,1900m,13,シュプリンガー,3,12,1.0,30.8,7,10,0,0.0,0,0,1,0,0.0,0.0,0.0,0.0,0.0,0.0,0,0,0,0,0,0,0.0,0.0,0.0,0.0,0,0,0,0,0.0
2026年2月14日,京都,4歳以上2勝クラス,2勝クラス,1900m,13,レーヴドレフォン,9,13,-1.0,58.9,10,7,0,0.0,0,0,1,0,0.0,0.0,0.0,1.0,0.0,0.0,0,0,0,0,-2,0,0.0,0.0,0.0,0.0,0,0,0,-1,0.0
2026年2月14日,小倉,伊万里特別,2勝クラス,1000m,14,トーアジョウトウ,2,1,9.5,7.6,5,1,0,0.0,0,4,1,1,0.0,0.0,2.0,0.0,0.0,0.5,0,0,0,0,0,0,-2.0,3.0,0.0,0.0,0,0,0,0,0.0
2026年2月14日,小倉,伊万里特別,2勝クラス,1000m,14,ララアヴリル,1,2,8.0,5.6,3,4,0,0.0,0,4,2,0,0.0,0.0,0.0,1.0,0.0,0.0,0,0,0,0,0,0,-2.0,3.0,0.0,0.0,0,0,0,0,0.0
2026年2月14日,小倉,伊万里特別,2勝クラス,1000m,14,ディーエスショウマ,12,3,7.0,4.3,1,11,0,0.0,0,4,2,0,0.0,1.0,0.0,0.0,0.0,0.0,0,0,0,0,0,0,0.0,0.0,0.0,0.0,0,0,0,0,0.0
2026年2月14日,小倉,伊万里特別,2勝クラス,1000m,14,パルプフィクション,3,4,6.5,26.0,10,9,0,0.0,0,0,2,1,0.0,0.0,0.0,0.0,1.0,0.5,0,0,0,0,0,0,0.0,3.0,0.0,0.0,0,0,0,-1,0.0
2026年2月14日,小倉,伊万里特別,2勝クラス,1000m,14,ザウリ,4,5,5.0,6.7,4,2,0,0.0,0,0,2,0,0.0,1.0,0.0,0.0,1.0,1.0,0,0,0,0,0,0,0.0,0.0,0.0,0.0,0,0,0,0,0.0
2026年2月14日,小倉,伊万里特別,2勝クラス,1000m,14,ストラテージュ,10,6,4.5,21.0,8,6,0,0.0,0,0,1,1,0.0,1.0,0.0,1.0,0.0,0.5,0,0,0,0,0,0,0.0,0.0,0.0,0.0,0,0,0,0,0.0
2026年2月14日,小倉,伊万里特別,2勝クラス,1000m,14,キングクー,14,7,4.0,20.8,7,7,0,0.0,0,0,2,0,0.0,1.0,0.0,0.0,0.0,1.0,0,0,0,0,0,0,0.0,0.0,0.0,0.0,0,0,0,0,0.0
2026年2月14日,小倉,伊万里特別,2勝クラス,1000m,14,ビーアイフォルテ,9,8,4.0,61.4,13,10,0,0.0,0,0,2,1,0.0,0.0,2.0,0.0,0.0,0.0,0,0,0,0,0,0,0.0,0.0,0.0,0.0,0,0,0,-1,0.0
2026年2月14日,小倉,伊万里特別,2勝クラス,1000m,14,ゼンノツキヨミ,13,9,3.0,9.8,6,3,0,0.0,0,0,2,0,0.0,1.0,0.0,0.0,0.0,1.0,0,0,0,0,0,0,0.0,0.0,0.0,0.0,0,0,0,-1,0.0
2026年2月14日,小倉,伊万里特別,2勝クラス,1000m,14,ホークレア,7,10,2.5,50.9,12,13,0,0.0,0,0,1,1,0.0,1.0,0.0,0.0,0.0,0.5,0,0,0,0,0,0,0.0,0.0,0.0,0.0,0,0,0,-1,0.0
2026年2月14日,小倉,伊万里特別,2勝クラス,1000m,14,パールフロント,8,11,2.0,4.5,2,5,0,0.0,0,0,2,1,0.0,0.0,0.0,0.0,0.0,0.0,0,0,0,0,0,0,0.0,0.0,0.0,0.0,0,0,0,-1,0.0
2026年2月14日,小倉,伊万里特別,2勝クラス,1000m,14,アネモス,6,12,1.0,25.5,9,12,0,0.0,0,0,2,1,0.0,0.0,0.0,0.0,0.0,1.0,0,0,0,0,-2,0,0.0,0.0,0.0,0.0,0,0,0,-1,0.0
2026年2月14日,小倉,伊万里特別,2勝クラス,1000m,14,クラリティスケール,5,13,0.0,48.7,11,8,0,0.0,0,0,0,0,0.0,1.0,0.0,0.0,0.0,0.0,0,0,0,0,0,0,0.0,0.0,0.0,0.0,0,0,0,-1,0.0
2026年2月14日,小倉,伊万里特別,2勝クラス,1000m,14,ラホーヤストーム,11,14,0.0,96.8,14,14,0,0.0,2,0,1,1,0.0,1.0,0.0,0.0,0.0,-0.5,-5,0,0,0,0,0,0.0,0.0,0.0,0.0,0,0,0,-1,0.0
2026年2月15日,東京,バレンタインS,OP,1400m,16,オウギノカナメ,5,1,12.5,18.7,7,4,0,3.0,0,2,3,0,0.0,1.0,0.0,0.0,1.0,-0.5,0,0,0,0,0,0,0.0,3.0,0.0,0.0,0,0,0,0,0.0
2026年2月15日,東京,バレンタインS,OP,1400m,16,ドンインザムード,6,2,10.5,3.4,1,2,0,0.0,0,0,2,1,0.0,0.0,1.0,0.0,1.5,0.0,0,0,0,0,0,0,0.0,3.0,0.0,2.0,0,0,0,0,0.0
2026年2月15日,東京,バレンタインS,OP,1400m,16,ウェットシーズン,2,3,10.0,5.9,2,1,0,0.0,0,2,3,0,0.0,1.0,0.0,0.0,1.0,0.0,0,0,0,0,0,0,-2.0,3.0,0.0,2.0,0,0,0,0,0.0
2026年2月15日,東京,バレンタインS,OP,1400m,16,アンシール,14,4,9.0,24.2,8,12,0,0.0,0,4,3,0,0.0,0.0,2.0,0.0,0.0,0.0,0,0,0,0,0,0,0.0,0.0,0.0,0.0,0,0,0,0,0.0
2026年2月15日,東京,バレンタインS,OP,1400m,16,エストレヤデベレン,11,5,8.5,6.0,3,11,0,0.0,0,0,3,0,0.0,0.0,2.0,0.0,1.0,-0.5,0,0,0,0,0,0,0.0,0.0,0.0,3.0,0,0,0,0,0.0
2026年2月15日,東京,バレンタインS,OP,1400m,16,アルムラトゥール,16,6,7.0,68.7,13,6,0,0.0,0,2,3,0,0.0,1.0,0.0,0.0,1.0,0.0,0,0,0,0,0,0,0.0,0.0,0.0,0.0,0,0,0,0,0.0
2026年2月15日,東京,バレンタインS,OP,1400m,16,アサヒ,12,7,7.0,103.1,15,15,0,0.0,2,0,3,1,0.0,1.0,0.0,0.0,0.0,0.0,0,0,0,0,0,0,0.0,0.0,0.0,0.0,0,0,0,0,0.0
2026年2月15日,東京,バレンタインS,OP,1400m,16,ヴィヴァン,1,8,6.5,29.3,11,3,0,0.0,0,2,3,1,0.0,1.0,2.0,0.0,0.0,-0.5,0,0,0,0,0,0,-2.0,0.0,0.0,0.0,0,0,0,0,0.0
2026年2月15日,東京,バレンタインS,OP,1400m,16,アッチャゴーラ,15,9,6.0,24.9,9,8,0,0.0,0,0,2,1,0.0,0.0,0.0,0.0,1.0,0.0,0,0,0,0,0,0,0.0,0.0,0.0,2.0,0,0,0,0,0.0
2026年2月15日,東京,バレンタインS,OP,1400m,16,レディントン,7,10,2.5,25.1,10,14,0,0.0,0,0,2,0,0.0,0.0,0.0,0.0,1.0,-0.5,0,0,0,0,0,0,0.0,0.0,0.0,0.0,0,0,0,0,0.0
2026年2月15日,東京,バレンタインS,OP,1400m,16,バトゥーキ,9,11,2.0,8.3,4,5,0,0.0,0,0,1,0,0.0,0.0,1.0,0.0,0.0,0.0,0,0,0,0,0,0,0.0,0.0,0.0,0.0,0,0,0,0,0.0
2026年2月15日,東京,バレンタインS,OP,1400m,16,ハチメンロッピ,10,12,2.0,57.0,12,7,0,0.0,0,0,1,0,0.0,0.0,0.0,0.0,0.0,1.0,0,0,0,0,0,0,0.0,0.0,0.0,0.0,0,0,0,0,0.0
2026年2月15日,東京,バレンタインS,OP,1400m,16,サンライズホーク,13,13,1.5,91.5,14,13,0,0.0,0,0,2,0,0.0,0.0,0.0,0.0,0.0,-0.5,0,0,0,0,0,0,0.0,0.0,0.0,0.0,0,0,0,0,0.0
2026年2月15日,東京,バレンタインS,OP,1400m,16,フリームファクシ,4,14,0.5,8.6,6,10,0,0.0,0,0,1,0,0.0,0.0,0.0,1.0,1.0,-0.5,0,0,0,0,0,-2,-2.0,0.0,0.0,2.0,0,0,0,0,0.0
2026年2月15日,東京,バレンタインS,OP,1400m,16,ノーブルロジャー,3,15,0.0,8.4,5,9,0,0.0,0,0,0,0,0.0,0.0,2.0,0.0,0.0,0.0,0,0,0,0,0,0,-2.0,0.0,0.0,0.0,0,0,0,0,0.0
2026年2月15日,東京,バレンタインS,OP,1400m,16,マルディランダ,8,16,-1.5,104.0,16,16,0,0.0,0,0,2,1,0.0,0.0,0.0,0.0,0.0,0.5,-5,-5,0,0,-3,0,0.0,0.0,0.0,0.0,0,0,0,0,0.0
2026年2月15日,東京,4歳以上2勝クラス,2勝クラス,1400m,16,モーニングマジック,13,1,9.5,3.0,1,2,0,0.0,0,4,2,1,0.0,0.0,0.0,0.5,0.0,0.0,0,0,0,0,0,0,0.0,0.0,0.0,3.0,0,0,0,-1,0.0
2026年2月15日,東京,4歳以上2勝クラス,2勝クラス,1400m,16,ストーンズ,9,2,7.0,5.9,2,3,0,0.0,0,0,2,0,0.0,1.0,2.0,0.5,0.0,-0.5,0,0,0,0,0,0,0.0,0.0,0.0,2.0,0,0,0,0,0.0
2026年2月15日,東京,4歳以上2勝クラス,2勝クラス,1400m,16,シーニックビュー,15,3,5.5,15.4,8,6,0,0.0,0,0,1,0,0.0,1.0,0.0,1.0,1.0,-0.5,0,0,0,0,0,0,0.0,0.0,0.0,2.0,0,0,0,0,0.0
2026年2月15日,東京,4歳以上2勝クラス,2勝クラス,1400m,16,ウルスクローム,5,4,5.5,6.4,3,13,0,0.0,0,0,2,0,0.0,0.0,0.0,0.5,0.0,0.0,0,0,0,0,0,0,0.0,0.0,0.0,3.0,0,0,0,0,0.0
2026年2月15日,東京,4歳以上2勝クラス,2勝クラス,1400m,16,ホウオウプレミア,12,5,5.0,9.3,6,4,0,0.0,0,0,2,1,0.0,0.0,1.0,0.0,0.0,1.0,0,0,0,0,0,0,0.0,0.0,0.0,0.0,0,0,0,0,0.0
2026年2月15日,東京,4歳以上2勝クラス,2勝クラス,1400m,16,マーゴットゲイン,16,6,4.0,8.2,5,14,0,0.0,2,0,1,0,0.0,1.0,0.0,0.0,0.0,0.0,0,0,0,0,0,0,0.0,0.0,0.0,0.0,0,0,0,0,0.0
2026年2月15日,東京,4歳以上2勝クラス,2勝クラス,1400m,16,マンノステータス,7,7,3.0,309.5,15,15,0,0.0,0,0,2,0,0.0,1.0,0.0,0.0,0.0,0.0,0,0,0,0,0,0,0.0,0.0,0.0,0.0,0,0,0,0,0.0
2026年2月15日,東京,4歳以上2勝クラス,2勝クラス,1400m,16,オリビアジュテーム,14,8,2.0,280.2,14,16,0,0.0,0,0,2,1,0.0,0.0,0.0,0.0,0.0,0.0,0,0,0,0,0,0,0.0,0.0,0.0,0.0,0,0,0,-1,0.0
2026年2月15日,東京,4歳以上2勝クラス,2勝クラス,1400m,16,フミサウンド,8,9,1.5,42.7,9,12,0,0.0,0,0,2,0,0.0,0.0,0.0,0.0,0.0,-0.5,0,0,0,0,0,0,0.0,0.0,0.0,0.0,0,0,0,0,0.0
2026年2月15日,東京,4歳以上2勝クラス,2勝クラス,1400m,16,サイモンソーラン,10,10,1.0,161.3,13,11,0,0.0,0,0,0,0,0.0,1.0,0.0,0.0,0.0,0.0,0,0,0,0,0,0,0.0,0.0,0.0,0.0,0,0,0,0,0.0
2026年2月15日,東京,4歳以上2勝クラス,2勝クラス,1400m,16,ウィンダミア,6,11,0.5,46.0,10,5,0,0.0,0,0,2,0,0.0,0.0,0.0,0.0,0.0,0.5,0,0,0,0,0,-2,0.0,0.0,0.0,0.0,0,0,0,0,0.0
2026年2月15日,東京,4歳以上2勝クラス,2勝クラス,1400m,16,アオカミ,2,12,0.0,336.7,16,9,0,0.0,0,0,2,0,0.0,0.0,0.0,0.0,0.0,0.0,0,0,0,0,0,0,-2.0,0.0,0.0,0.0,0,0,0,0,0.0
2026年2月15日,東京,4歳以上2勝クラス,2勝クラス,1400m,16,クインズデネブ,1,13,-1.0,8.0,4,1,0,0.0,0,0,2,0,0.0,0.0,0.0,0.0,0.0,0.0,0,0,0,0,0,0,-2.0,0.0,0.0,0.0,0,0,0,-1,0.0
2026年2月15日,東京,4歳以上2勝クラス,2勝クラス,1400m,16,ハリウッドブルース,4,14,-1.0,66.0,11,8,0,0.0,0,0,1,0,0.0,0.0,0.0,0.0,0.0,0.0,0,0,0,0,0,0,-2.0,0.0,0.0,0.0,0,0,0,0,0.0
2026年2月15日,東京,4歳以上2勝クラス,2勝クラス,1400m,16,オンザスクエア,11,15,-1.0,114.0,12,10,0,0.0,0,0,0,0,0.0,0.0,0.0,0.0,0.0,0.0,0,0,0,0,0,0,0.0,0.0,0.0,0.0,0,0,0,-1,0.0
2026年2月15日,東京,4歳以上2勝クラス,2勝クラス,1400m,16,フィドルファドル,3,16,-1.5,10.0,7,7,0,0.0,0,0,2,0,0.0,0.0,0.0,0.0,0.0,-0.5,0,0,0,0,0,0,-2.0,0.0,0.0,0.0,0,0,0,-1,0.0
2026年2月15日,京都,4歳以上2勝クラス,2勝クラス,1200m,16,ルクスデイジー,4,1,12.5,2.8,1,1,0,0.0,0,2,3,1,0.0,1.0,2.0,0.5,0.0,0.0,0,0,0,0,0,0,-2.0,3.0,0.0,3.0,0,0,0,-1,0.0
2026年2月15日,京都,4歳以上2勝クラス,2勝クラス,1200m,16,モンテディアーナ,1,2,6.0,17.9,7,13,0,0.0,0,0,2,0,0.0,0.0,2.0,0.0,0.0,0.0,0,0,0,0,0,0,-2.0,3.0,0.0,2.0,0,0,0,-1,0.0
2026年2月15日,京都,4歳以上2勝クラス,2勝クラス,1200m,16,ランスオブセヘル,9,3,5.5,5.6,2,3,0,0.0,0,2,2,0,0.0,1.0,0.0,0.0,0.0,-0.5,0,0,0,0,0,0,0.0,0.0,0.0,2.0,0,0,0,-1,0.0
2026年2月15日,京都,4歳以上2勝クラス,2勝クラス,1200m,16,カネトシフラム,16,4,5.0,51.8,13,4,0,0.0,0,0,3,0,0.0,1.0,2.0,0.0,0.0,0.0,0,0,0,0,0,0,0.0,0.0,0.0,0.0,0,0,0,-1,0.0
2026年2月15日,京都,4歳以上2勝クラス,2勝クラス,1200m,16,プレゼンティーア,13,5,5.0,27.6,9,6,0,0.0,0,0,2,0,0.0,0.0,2.0,0.0,0.0,0.0,0,0,0,0,0,0,0.0,0.0,0.0,2.0,0,0,0,-1,0.0
2026年2月15日,京都,4歳以上2勝クラス,2勝クラス,1200m,16,ニホンピロトッティ,15,6,4.0,6.3,3,7,0,0.0,0,0,3,0,0.0,0.0,0.0,0.0,0.0,0.0,0,0,0,0,0,0,0.0,0.0,0.0,2.0,0,0,0,-1,0.0
2026年2月15日,京都,4歳以上2勝クラス,2勝クラス,1200m,16,ミライテーラー,12,7,3.5,7.6,4,2,0,0.0,0,0,3,1,0.0,1.0,0.0,0.0,0.0,-0.5,0,0,0,0,0,0,0.0,0.0,0.0,0.0,0,0,0,-1,0.0
2026年2月15日,京都,4歳以上2勝クラス,2勝クラス,1200m,16,フーコサンライズ,5,8,3.0,103.2,15,16,0,0.0,0,0,1,1,0.0,0.0,0.0,0.0,0.0,1.0,0,0,0,0,-2,0,0.0,3.0,0.0,0.0,0,0,0,-1,0.0
2026年2月15日,京都,4歳以上2勝クラス,2勝クラス,1200m,16,マフィン,8,9,2.5,173.1,16,11,0,0.0,0,0,2,0,0.0,1.0,0.0,0.0,0.0,0.5,0,0,0,0,0,0,0.0,0.0,0.0,0.0,0,0,0,-1,0.0
2026年2月15日,京都,4歳以上2勝クラス,2勝クラス,1200m,16,フォルテローザ,7,10,1.5,36.2,11,9,0,0.0,0,0,2,1,0.0,0.0,0.0,0.0,0.0,-0.5,0,0,0,0,0,0,0.0,0.0,0.0,0.0,0,0,0,-1,0.0
2026年2月15日,京都,4歳以上2勝クラス,2勝クラス,1200m,16,カワキタマナレア,6,11,1.0,32.4,10,5,0,0.0,0,0,2,0,0.0,0.0,0.0,0.0,0.0,0.0,0,0,0,0,0,0,0.0,0.0,0.0,0.0,0,0,0,-1,0.0
2026年2月15日,京都,4歳以上2勝クラス,2勝クラス,1200m,16,ラーナローザ,3,12,1.0,15.8,6,10,0,0.0,0,0,3,0,0.0,0.0,0.0,1.0,0.0,0.0,0,0,0,0,0,0,-2.0,0.0,0.0,0.0,0,0,0,-1,0.0
2026年2月15日,京都,4歳以上2勝クラス,2勝クラス,1200m,16,ランウインディ,11,13,0.5,9.8,5,8,0,0.0,0,0,1,0,0.0,0.0,0.0,0.5,0.0,0.0,0,0,0,0,0,0,0.0,0.0,0.0,0.0,0,0,0,-1,0.0
2026年2月15日,京都,4歳以上2勝クラス,2勝クラス,1200m,16,フェリ,2,14,0.0,25.0,8,12,0,0.0,2,0,1,0,0.0,0.0,0.0,0.0,0.0,0.0,0,0,0,0,0,0,-2.0,0.0,0.0,0.0,0,0,0,-1,0.0
2026年2月15日,京都,4歳以上2勝クラス,2勝クラス,1200m,16,ヒラボクミニー,10,15,0.0,37.5,12,14,0,0.0,2,0,2,0,0.0,0.0,0.0,0.5,0.0,0.5,-5,0,0,0,0,-2,0.0,0.0,0.0,0.0,0,0,0,-1,0.0
2026年2月15日,京都,4歳以上2勝クラス,2勝クラス,1200m,16,ペイシャヴァルツー,14,16,0.0,73.7,14,15,0,0.0,0,0,2,1,0.0,0.0,0.0,0.0,0.0,0.0,0,0,0,0,-2,0,0.0,0.0,0.0,0.0,0,0,0,-1,0.0
2026年2月21日,阪神,4歳以上2勝クラス,2勝クラス,1800m,13,グレイルクエスト,2,1,11.5,7.7,4,5,0,0.0,0,0,2,0,0.0,0.0,2.0,0.5,1.0,0.0,0,0,0,0,0,0,0.0,3.0,0.0,3.0,0,0,0,0,0.0
2026年2月21日,阪神,4歳以上2勝クラス,2勝クラス,1800m,13,サトミノエンジェル,13,2,7.5,3.6,2,1,0,0.0,0,0,2,0,0.0,0.0,2.0,0.5,0.0,0.0,0,0,0,0,0,0,0.0,0.0,0.0,3.0,0,0,0,0,0.0
2026年2月21日,阪神,4歳以上2勝クラス,2勝クラス,1800m,13,ドゥラエテルノ,10,3,6.5,2.7,1,4,0,0.0,0,0,2,0,0.0,0.0,1.0,0.0,0.0,0.5,0,0,0,0,0,0,0.0,0.0,0.0,3.0,0,0,0,0,0.0
2026年2月21日,阪神,4歳以上2勝クラス,2勝クラス,1800m,13,ホウオウベルクソン,8,4,5.0,15.7,6,8,0,0.0,0,0,2,1,0.0,1.0,0.0,0.0,0.0,1.0,0,0,0,0,0,0,0.0,0.0,0.0,0.0,0,0,0,0,0.0
2026年2月21日,阪神,4歳以上2勝クラス,2勝クラス,1800m,13,シャンバラ,6,5,3.0,40.3,9,11,0,0.0,0,0,2,0,0.0,1.0,0.0,0.0,0.0,0.0,0,0,0,0,0,0,0.0,0.0,0.0,0.0,0,0,0,0,0.0
2026年2月21日,阪神,4歳以上2勝クラス,2勝クラス,1800m,13,グレイスザクラウン,3,6,3.0,27.2,8,12,0,0.0,0,0,3,0,0.0,0.0,0.0,0.0,0.0,0.0,0,0,0,0,0,0,0.0,0.0,0.0,0.0,0,0,0,0,0.0
2026年2月21日,阪神,4歳以上2勝クラス,2勝クラス,1800m,13,コスモコンフェルマ,11,7,2.0,48.8,10,2,0,0.0,0,0,1,0,0.0,1.0,0.0,0.0,0.0,0.0,0,0,0,0,0,0,0.0,0.0,0.0,0.0,0,0,0,0,0.0
2026年2月21日,阪神,4歳以上2勝クラス,2勝クラス,1800m,13,レッドボブ,12,8,2.0,4.6,3,3,0,0.0,0,0,0,1,0.0,0.0,0.0,1.0,0.0,0.0,0,0,0,0,0,0,0.0,0.0,0.0,0.0,0,0,0,0,0.0
2026年2月21日,阪神,4歳以上2勝クラス,2勝クラス,1800m,13,ウインアルドーレ,15,9,2.0,25.4,7,7,0,0.0,0,0,1,1,0.0,0.0,0.0,0.0,0.0,0.0,0,0,0,0,0,0,0.0,0.0,0.0,0.0,0,0,0,0,0.0
2026年2月21日,阪神,4歳以上2勝クラス,2勝クラス,1800m,13,ヒデノレインボー,5,10,1.0,79.6,11,9,0,0.0,0,0,1,0,0.0,0.0,0.0,0.0,0.0,0.0,0,0,0,0,0,0,0.0,0.0,0.0,0.0,0,0,0,0,0.0
2026年2月21日,阪神,4歳以上2勝クラス,2勝クラス,1800m,13,シンリミテス,1,11,0.0,121.2,12,6,0,0.0,2,0,2,1,0.0,0.0,0.0,0.0,0.0,0.0,0,0,0,-4,-2,0,0.0,0.0,0.0,0.0,0,0,0,0,0.0
2026年2月21日,阪神,4歳以上2勝クラス,2勝クラス,1800m,13,ヤウガウ,9,12,0.0,312.1,13,10,0,0.0,0,0,0,0,0.0,0.0,0.0,0.0,0.0,0.0,0,0,0,0,0,0,0.0,0.0,0.0,0.0,0,0,0,0,0.0
2026年2月21日,阪神,4歳以上2勝クラス,2勝クラス,1800m,13,ミカエルパシャ,14,13,-2.5,14.6,5,13,0,0.0,0,0,2,0,0.0,0.0,0.0,0.0,0.0,0.5,-5,0,0,0,0,0,0.0,0.0,0.0,0.0,0,0,0,0,0.0
2026年2月22日,東京,4歳以上2勝クラス,2勝クラス,2100m,16,ダブルメッセージ,4,1,13.0,32.7,10,16,0,0.0,0,4,1,0,0.0,0.0,2.0,0.0,1.0,0.0,0,0,0,0,0,0,0.0,3.0,0.0,2.0,0,0,0,0,0.0
2026年2月22日,東京,4歳以上2勝クラス,2勝クラス,2100m,16,バルダンツァ,1,2,9.0,38.3,12,10,0,0.0,4,0,2,0,0.0,0.0,1.0,0.0,0.0,0.0,0,0,0,0,0,0,0.0,0.0,0.0,2.0,0,0,0,0,0.0
2026年2月22日,東京,4歳以上2勝クラス,2勝クラス,2100m,16,サノノワンダー,5,3,7.5,4.0,2,6,0,0.0,0,0,2,0,0.0,0.0,1.0,0.5,1.0,0.0,0,0,0,0,0,0,0.0,0.0,0.0,3.0,0,0,0,0,0.0
2026年2月22日,東京,4歳以上2勝クラス,2勝クラス,2100m,16,アカデミア,11,4,7.0,2.4,1,1,0,0.0,0,0,1,0,0.0,0.0,2.0,0.0,0.0,1.0,0,0,0,0,0,0,0.0,0.0,0.0,3.0,0,0,0,0,0.0
2026年2月22日,東京,4歳以上2勝クラス,2勝クラス,2100m,16,ドラゴン,16,5,5.5,8.1,3,4,0,0.0,0,0,1,0,0.0,0.0,2.0,0.5,0.0,0.0,0,0,0,0,0,0,0.0,0.0,0.0,2.0,0,0,0,0,0.0
2026年2月22日,東京,4歳以上2勝クラス,2勝クラス,2100m,16,コーカサスゴールド,14,6,5.0,19.0,6,3,0,0.0,0,0,3,0,0.0,0.0,2.0,0.0,0.0,0.0,0,0,0,0,0,0,0.0,0.0,0.0,0.0,0,0,0,0,0.0
2026年2月22日,東京,4歳以上2勝クラス,2勝クラス,2100m,16,スマートシーカー,2,7,5.0,27.4,9,13,0,0.0,0,0,1,0,0.0,0.0,0.0,1.0,0.0,0.0,0,0,0,0,0,0,0.0,3.0,0.0,0.0,0,0,0,0,0.0
2026年2月22日,東京,4歳以上2勝クラス,2勝クラス,2100m,16,タイセイアディクト,13,8,4.5,8.5,4,5,0,0.0,0,0,2,0,0.0,1.0,0.0,0.5,0.0,1.0,0,0,0,0,0,0,0.0,0.0,0.0,0.0,0,0,0,0,0.0
2026年2月22日,東京,4歳以上2勝クラス,2勝クラス,2100m,16,インペリアルライン,9,9,3.0,22.7,8,2,0,0.0,0,0,1,0,0.0,0.0,1.0,0.0,0.0,1.0,0,0,0,0,0,0,0.0,0.0,0.0,0.0,0,0,0,0,0.0
2026年2月22日,東京,4歳以上2勝クラス,2勝クラス,2100m,16,サトノシュトラーセ,12,10,3.0,33.3,11,7,0,0.0,0,0,2,0,0.0,0.0,0.0,0.0,0.0,1.0,0,0,0,0,0,0,0.0,0.0,0.0,0.0,0,0,0,0,0.0
2026年2月22日,東京,4歳以上2勝クラス,2勝クラス,2100m,16,ラファールドール,8,11,3.0,94.0,13,12,0,0.0,0,0,2,0,0.0,0.0,0.0,0.0,1.0,0.0,0,0,0,0,0,0,0.0,0.0,0.0,0.0,0,0,0,0,0.0
2026年2月22日,東京,4歳以上2勝クラス,2勝クラス,2100m,16,キャネル,7,12,3.0,248.1,15,15,0,0.0,0,0,2,0,0.0,1.0,0.0,0.0,0.0,0.0,0,0,0,0,0,0,0.0,0.0,0.0,0.0,0,0,0,0,0.0
2026年2月22日,東京,4歳以上2勝クラス,2勝クラス,2100m,16,ブルーワール,10,13,2.0,21.5,7,9,0,0.0,0,0,2,0,0.0,0.0,0.0,0.0,0.0,0.0,0,0,0,0,0,0,0.0,0.0,0.0,0.0,0,0,0,0,0.0
2026年2月22日,東京,4歳以上2勝クラス,2勝クラス,2100m,16,ゴヴェルナーレリコ,15,14,2.0,110.1,14,11,0,0.0,0,0,2,1,0.0,0.0,0.0,0.0,0.0,0.0,0,0,0,0,0,0,0.0,0.0,0.0,0.0,0,0,0,-1,0.0
2026年2月22日,東京,4歳以上2勝クラス,2勝クラス,2100m,16,パッションリッチ,3,15,0.5,16.8,5,8,0,0.0,0,0,2,0,0.0,1.0,0.0,0.5,1.0,1.0,-5,0,0,0,0,0,0.0,0.0,0.0,0.0,0,0,0,0,0.0
2026年2月22日,東京,4歳以上2勝クラス,2勝クラス,2100m,16,スプレーフォール,6,16,-2.0,342.9,16,14,0,0.0,0,0,2,0,0.0,0.0,0.0,0.0,0.0,0.0,0,0,0,0,-2,-2,0.0,0.0,0.0,0.0,0,0,0,0,0.0
2026年2月22日,東京,ヒヤシンスS,OP,1600m,10,タイキブリッツェン,4,1,11.0,23.5,6,10,0,0.0,0,4,2,1,0.0,0.0,2.0,0.0,1.0,1.0,0,0,0,0,0,0,0.0,0.0,0.0,0.0,0,0,0,0,0.0
2026年2月22日,東京,ヒヤシンスS,OP,1600m,10,アルカディアカフェ,10,2,10.0,1.7,1,6,0,0.0,0,4,2,0,0.0,0.0,0.0,1.0,1.0,0.0,0,0,0,0,0,0,0.0,0.0,0.0,2.0,0,0,0,0,0.0
2026年2月22日,東京,ヒヤシンスS,OP,1600m,10,サマーマッドネス,2,3,9.5,33.3,9,9,0,0.0,0,0,2,1,0.0,0.0,2.0,0.5,0.0,0.0,0,0,0,0,0,0,-2.0,3.0,0.0,3.0,0,0,0,0,0.0
2026年2月22日,東京,ヒヤシンスS,OP,1600m,10,ラッキーキッド,3,4,8.0,23.5,7,1,0,0.0,0,4,2,1,0.0,0.0,0.0,0.0,1.0,0.0,0,0,0,0,0,0,0.0,0.0,0.0,0.0,0,0,0,0,0.0
2026年2月22日,東京,ヒヤシンスS,OP,1600m,10,イッテラッシャイ,6,5,6.0,5.7,2,3,0,0.0,0,0,3,0,0.0,1.0,2.0,0.0,0.0,0.0,0,0,0,0,0,0,0.0,0.0,0.0,0.0,0,0,0,0,0.0
2026年2月22日,東京,ヒヤシンスS,OP,1600m,10,ドンエレクトス,8,6,5.5,7.6,4,2,0,0.0,0,0,2,1,0.0,0.0,0.0,0.5,0.0,0.0,0,0,0,0,0,0,0.0,0.0,0.0,2.0,0,0,0,0,0.0
2026年2月22日,東京,ヒヤシンスS,OP,1600m,10,シーズザスローン,5,7,5.5,12.9,5,7,0,0.0,0,0,2,0,0.0,1.0,0.0,0.0,0.0,0.5,0,0,0,0,0,0,0.0,0.0,0.0,2.0,0,0,0,0,0.0
2026年2月22日,東京,ヒヤシンスS,OP,1600m,10,ボクマダネムイヨ,1,8,4.0,7.4,3,4,0,0.0,0,0,2,0,0.0,1.0,0.0,0.0,1.0,0.0,0,0,0,0,0,0,-2.0,0.0,0.0,2.0,0,0,0,0,0.0
2026年2月22日,東京,ヒヤシンスS,OP,1600m,10,ユアフェリシティ,9,9,3.0,47.4,10,5,0,0.0,0,0,2,0,0.0,0.0,0.0,0.0,1.0,0.0,0,0,0,0,0,0,0.0,0.0,0.0,0.0,0,0,0,0,0.0
2026年2月22日,東京,ヒヤシンスS,OP,1600m,10,ユウファラオ,7,10,1.0,28.5,8,8,0,0.0,2,0,2,1,0.0,0.0,0.0,0.0,1.0,0.0,-5,-1,0,0,0,0,0.0,0.0,0.0,0.0,0,0,0,0,0.0
2026年2月22日,東京,フェブラリーS,重賞,1600m,16,コスタノヴァ,12,1,15.5,3.4,2,1,0,0.0,0,4,3,1,0.0,0.0,1.0,0.0,3.0,0.5,0,0,0,0,0,0,0.0,0.0,0.0,3.0,0,0,0,0,0.0
2026年2月22日,東京,フェブラリーS,重賞,1600m,16,ダブルハートボンド,9,2,12.5,3.0,1,3,5,0.0,0,0,2,0,0.0,1.0,0.0,1.0,1.0,0.5,0,0,0,0,0,0,0.0,0.0,0.0,3.0,0,0,0,-1,0.0
2026年2月22日,東京,フェブラリーS,重賞,1600m,16,ナチュラルライズ,13,3,12.0,21.4,7,7,0,0.0,0,2,3,1,0.0,1.0,0.0,0.5,1.0,0.5,0,0,0,0,0,0,0.0,0.0,0.0,3.0,0,0,0,0,0.0
2026年2月22日,東京,フェブラリーS,重賞,1600m,16,ロードクロンヌ,10,4,11.5,14.7,5,11,0,0.0,0,0,2,1,0.0,1.0,2.0,0.5,1.5,0.5,0,0,0,0,0,0,0.0,0.0,0.0,3.0,0,0,0,0,0.0
2026年2月22日,東京,フェブラリーS,重賞,1600m,16,サイモンザナドゥ,16,5,9.0,66.6,12,15,0,0.0,0,0,2,1,0.0,1.0,0.0,0.5,1.5,0.0,0,0,0,0,0,0,0.0,0.0,0.0,3.0,0,0,0,0,0.0
2026年2月22日,東京,フェブラリーS,重賞,1600m,16,シックスペンス,5,6,7.0,17.4,6,9,0,0.0,0,0,2,0,0.0,1.0,0.0,0.5,0.0,0.5,0,0,0,0,0,0,0.0,3.0,0.0,0.0,0,0,0,0,0.0
2026年2月22日,東京,フェブラリーS,重賞,1600m,16,ペリエール,4,7,5.5,32.9,9,10,0,0.0,0,0,2,0,0.0,1.0,0.0,0.0,1.5,0.0,0,0,0,0,0,0,-2.0,3.0,0.0,0.0,0,0,0,0,0.0
2026年2月22日,東京,フェブラリーS,重賞,1600m,16,ハッピーマン,2,8,5.0,98.1,14,16,0,0.0,0,0,1,0,0.0,0.0,2.0,1.0,0.0,0.0,0,-2,0,0,0,0,-2.0,3.0,0.0,2.0,0,0,0,0,0.0
2026年2月22日,東京,フェブラリーS,重賞,1600m,16,ウィルソンテソーロ,14,9,4.5,5.4,3,2,0,0.0,0,0,3,0,0.0,1.0,0.0,0.0,1.0,-0.5,0,0,0,0,0,0,0.0,0.0,0.0,0.0,0,0,0,0,0.0
2026年2月22日,東京,フェブラリーS,重賞,1600m,16,オメガギネス,1,10,4.0,28.6,8,5,0,0.0,0,4,3,1,0.0,0.0,0.0,0.0,1.0,0.0,0,-3,0,0,0,0,-2.0,0.0,0.0,0.0,0,0,0,0,0.0
2026年2月22日,東京,フェブラリーS,重賞,1600m,16,ペプチドナイル,15,11,3.5,53.6,11,6,0,0.0,0,0,2,0,0.0,1.0,0.0,0.0,0.0,0.5,0,0,0,0,0,0,0.0,0.0,0.0,0.0,0,0,0,0,0.0
2026年2月22日,東京,フェブラリーS,重賞,1600m,16,ブライアンセンス,3,12,3.0,40.6,10,4,0,0.0,0,0,3,0,0.0,1.0,0.0,1.0,0.0,0.0,0,0,0,0,0,0,-2.0,0.0,0.0,0.0,0,0,0,0,0.0
2026年2月22日,東京,フェブラリーS,重賞,1600m,16,ラムジェット,6,13,3.0,7.8,4,8,0,0.0,0,0,2,0,0.0,1.0,0.0,0.0,0.0,0.0,0,0,0,0,0,0,0.0,0.0,0.0,0.0,0,0,0,0,0.0
2026年2月22日,東京,フェブラリーS,重賞,1600m,16,ロングラン,7,14,2.5,235.1,15,14,0,0.0,2,0,3,0,0.0,0.0,0.0,0.0,2.0,0.5,-5,0,0,0,0,0,0.0,0.0,0.0,0.0,0,0,0,0,0.0
2026年2月22日,東京,フェブラリーS,重賞,1600m,16,サクラトゥジュール,8,15,0.5,74.1,13,13,0,0.0,0,0,3,1,0.0,0.0,0.0,0.0,1.5,0.0,-5,0,0,0,0,0,0.0,0.0,0.0,0.0,0,0,0,0,0.0
2026年2月22日,東京,フェブラリーS,重賞,1600m,16,サンライズホーク,11,16,-0.5,346.3,16,12,0,0.0,0,0,2,0,0.0,0.0,0.0,0.0,0.0,0.5,0,-3,0,0,0,0,0.0,0.0,0.0,0.0,0,0,0,0,0.0
2026年2月22日,東京,大島特別,2勝クラス,1400m,16,ベラジオワールド,4,1,14.0,5.9,4,3,0,0.0,0,4,3,1,0.0,0.0,2.0,0.0,0.0,0.0,0,0,0,0,0,0,-2.0,3.0,0.0,3.0,0,0,0,0,0.0
2026年2月22日,東京,大島特別,2勝クラス,1400m,16,アンクエンチャブル,2,2,12.0,5.3,3,13,0,0.0,0,4,3,0,0.0,0.0,1.0,1.0,0.0,0.0,0,0,0,0,0,0,-2.0,3.0,0.0,2.0,0,0,0,0,0.0
2026年2月22日,東京,大島特別,2勝クラス,1400m,16,マサノユニコーン,9,3,6.5,11.5,6,4,0,0.0,0,0,1,0,0.0,0.0,1.0,0.5,1.0,0.0,0,0,0,0,0,0,0.0,0.0,0.0,3.0,0,0,0,0,0.0
2026年2月22日,東京,大島特別,2勝クラス,1400m,16,アスクアイルビゼア,3,4,6.0,4.3,1,1,0,0.0,0,0,1,0,0.0,0.0,1.0,0.5,0.0,-0.5,0,0,0,0,0,0,-2.0,3.0,0.0,3.0,0,0,0,0,0.0
2026年2月22日,東京,大島特別,2勝クラス,1400m,16,トラヴェリンバンド,15,5,6.0,24.5,9,11,0,0.0,0,4,1,0,0.0,0.0,0.0,1.0,0.0,0.0,0,0,0,0,0,0,0.0,0.0,0.0,0.0,0,0,0,0,0.0
2026年2月22日,東京,大島特別,2勝クラス,1400m,16,カネショウレジェン,16,6,4.5,5.1,2,5,0,0.0,0,0,2,0,0.0,0.0,0.0,0.5,0.0,0.0,0,0,0,0,0,0,0.0,0.0,0.0,2.0,0,0,0,0,0.0
2026年2月22日,東京,大島特別,2勝クラス,1400m,16,キョウエイカンセ,5,7,4.0,20.9,8,7,0,0.0,0,0,2,0,0.0,0.0,0.0,1.0,0.0,1.0,0,0,0,0,0,0,0.0,0.0,0.0,0.0,0,0,0,0,0.0
2026年2月22日,東京,大島特別,2勝クラス,1400m,16,フィリップ,1,8,4.0,48.2,11,8,0,0.0,0,0,3,0,0.0,0.0,0.0,0.0,0.0,0.0,0,0,0,0,0,0,-2.0,3.0,0.0,0.0,0,0,0,0,0.0
2026年2月22日,東京,大島特別,2勝クラス,1400m,16,エーデル,14,9,4.0,43.2,10,9,0,0.0,0,2,2,0,0.0,1.0,0.0,0.0,0.0,0.0,0,0,0,0,0,0,0.0,0.0,0.0,0.0,0,0,0,-1,0.0
2026年2月22日,東京,大島特別,2勝クラス,1400m,16,セントラルヴァレー,10,10,2.0,7.4,5,2,0,0.0,0,0,1,0,0.0,0.0,1.0,0.0,0.0,0.0,0,0,0,0,0,0,0.0,0.0,0.0,0.0,0,0,0,0,0.0
2026年2月22日,東京,大島特別,2勝クラス,1400m,16,フクチャントウメイ,13,11,1.0,272.2,15,10,0,0.0,0,0,1,0,0.0,0.0,0.0,0.0,0.0,0.0,0,0,0,0,0,0,0.0,0.0,0.0,0.0,0,0,0,0,0.0
2026年2月22日,東京,大島特別,2勝クラス,1400m,16,ヤマニンバロネス,7,12,1.0,12.7,7,14,0,0.0,0,0,1,1,0.0,0.0,0.0,0.0,0.0,0.0,0,0,0,0,0,0,0.0,0.0,0.0,0.0,0,0,0,-1,0.0
2026年2月22日,東京,大島特別,2勝クラス,1400m,16,クォーツァイト,11,13,0.5,127.7,13,6,0,0.0,0,0,1,0,0.0,0.0,0.0,0.0,0.0,0.5,0,0,0,0,0,0,0.0,0.0,0.0,0.0,0,0,0,-1,0.0
2026年2月22日,東京,大島特別,2勝クラス,1400m,16,リアルクィーン,8,14,0.5,177.7,14,12,0,0.0,0,0,0,0,0.0,1.0,0.0,0.0,0.0,0.5,0,0,0,0,0,0,0.0,0.0,0.0,0.0,0,0,0,-1,0.0
2026年2月22日,東京,大島特別,2勝クラス,1400m,16,ビッグショータイム,6,15,0.0,310.1,16,16,0,0.0,2,0,2,0,0.0,0.0,0.0,0.0,0.0,0.0,0,0,0,-4,0,0,0.0,0.0,0.0,0.0,0,0,0,0,0.0
2026年2月22日,東京,大島特別,2勝クラス,1400m,16,イブニングタイド,12,16,-3.0,61.4,12,15,0,0.0,0,0,2,0,0.0,0.0,0.0,0.0,0.0,-0.5,-5,0,0,0,0,0,0.0,0.0,0.0,0.0,0,0,0,-1,0.0
2026年2月22日,阪神,令月S,OP,1200m,12,ゲッティヴィラ,11,1,8.5,4.9,3,7,0,0.0,0,0,2,1,0.0,0.0,2.0,0.5,0.0,0.0,0,0,0,0,0,0,0.0,0.0,0.0,3.0,0,0,0,0,0.0
2026年2月22日,阪神,令月S,OP,1200m,12,コンクイスタ,8,2,6.0,3.5,1,1,0,0.0,0,2,1,0,0.0,1.0,0.0,0.0,1.0,1.0,0,0,0,0,0,0,0.0,0.0,0.0,0.0,0,0,0,0,0.0
2026年2月22日,阪神,令月S,OP,1200m,12,ジョーローリット,1,3,5.0,3.9,2,6,0,0.0,0,0,2,0,0.0,0.0,0.0,0.0,1.0,0.0,0,0,0,0,0,0,-2.0,3.0,0.0,2.0,0,0,0,-1,0.0
2026年2月22日,阪神,令月S,OP,1200m,12,アルムラトゥール,4,4,3.0,14.5,6,4,0,0.0,0,0,2,1,0.0,1.0,0.0,0.0,0.0,0.0,0,0,0,0,0,0,0.0,0.0,0.0,0.0,-1,0,0,0,0.0
2026年2月22日,阪神,令月S,OP,1200m,12,マルモリスペシャル,3,5,3.0,14.6,7,5,0,0.0,2,0,1,1,0.0,0.0,0.0,0.0,0.0,0.0,0,0,0,0,0,0,0.0,0.0,0.0,0.0,-1,0,0,0,0.0
2026年2月22日,阪神,令月S,OP,1200m,12,バトゥーキ,7,6,2.5,7.6,4,3,0,0.0,0,0,1,0,0.0,1.0,0.0,0.5,0.0,0.0,0,0,0,0,0,0,0.0,0.0,0.0,0.0,0,0,0,0,0.0
2026年2月22日,阪神,令月S,OP,1200m,12,ケイアイシェルビー,12,7,2.5,65.0,11,10,0,0.0,0,0,2,1,0.0,1.0,0.0,0.0,0.0,-0.5,0,0,0,0,0,0,0.0,0.0,0.0,0.0,-1,0,0,0,0.0
2026年2月22日,阪神,令月S,OP,1200m,12,エコロガイア,6,8,2.0,16.4,8,2,0,0.0,0,0,2,0,0.0,1.0,0.0,0.0,0.0,0.0,0,0,0,0,0,0,0.0,0.0,0.0,0.0,-1,0,0,0,0.0
2026年2月22日,阪神,令月S,OP,1200m,12,メタマックス,9,9,2.0,41.6,10,8,0,0.0,0,0,2,0,0.0,1.0,0.0,0.0,0.0,0.0,0,0,0,0,0,0,0.0,0.0,0.0,0.0,-1,0,0,0,0.0
2026年2月22日,阪神,令月S,OP,1200m,12,ロードラディウス,10,10,2.0,38.8,9,12,0,0.0,0,0,2,0,0.0,1.0,0.0,0.0,0.0,0.0,0,0,0,0,0,0,0.0,0.0,0.0,0.0,-1,0,0,0,0.0
2026年2月22日,阪神,令月S,OP,1200m,12,ポールセン,5,11,1.5,9.5,5,9,0,0.0,0,0,1,0,0.0,0.0,0.0,0.5,0.0,0.0,0,0,0,0,0,0,0.0,0.0,0.0,0.0,0,0,0,0,0.0
2026年2月22日,阪神,令月S,OP,1200m,12,アンデスビエント,2,12,-2.0,86.7,12,11,0,0.0,0,0,0,1,0.0,1.0,0.0,0.0,0.0,0.0,0,0,0,0,0,0,-2.0,0.0,0.0,0.0,-1,0,0,-1,0.0
2026年2月22日,阪神,4歳以上2勝クラス,2勝クラス,1400m,16,ハリーケーン,6,1,7.0,5.0,2,3,0,0.0,0,0,1,0,0.0,0.0,0.0,0.0,0.0,0.0,0,0,0,0,0,0,0.0,3.0,0.0,3.0,0,0,0,0,0.0
2026年2月22日,阪神,4歳以上2勝クラス,2勝クラス,1400m,16,ルークススペイ,11,2,5.5,2.6,1,1,0,0.0,0,0,3,0,0.0,0.0,0.0,0.5,0.0,0.0,0,0,0,0,0,0,0.0,0.0,0.0,2.0,0,0,0,0,0.0
2026年2月22日,阪神,4歳以上2勝クラス,2勝クラス,1400m,16,ペイドラロワール,15,3,4.5,22.6,8,2,0,0.0,0,0,2,0,0.0,0.0,2.0,0.0,0.0,0.5,0,0,0,0,0,0,0.0,0.0,0.0,0.0,0,0,0,0,0.0
2026年2月22日,阪神,4歳以上2勝クラス,2勝クラス,1400m,16,クリノラピダス,13,4,4.0,272.1,16,13,0,0.0,0,0,1,1,0.0,1.0,0.0,0.0,1.0,0.0,0,0,0,0,0,0,0.0,0.0,0.0,0.0,0,0,0,0,0.0
2026年2月22日,阪神,4歳以上2勝クラス,2勝クラス,1400m,16,シホノペルフェット,10,5,4.0,38.4,9,16,0,0.0,2,0,2,0,0.0,0.0,0.0,0.0,0.0,0.0,0,0,0,0,0,0,0.0,0.0,0.0,0.0,0,0,0,0,0.0
2026年2月22日,阪神,4歳以上2勝クラス,2勝クラス,1400m,16,ポッドドンナー,5,6,3.0,6.9,3,5,0,0.0,0,0,3,0,0.0,0.0,0.0,0.0,0.0,0.0,0,0,0,0,0,0,0.0,0.0,0.0,0.0,0,0,0,0,0.0
2026年2月22日,阪神,4歳以上2勝クラス,2勝クラス,1400m,16,アレ,8,7,3.0,14.6,6,14,0,0.0,0,0,2,1,0.0,0.0,0.0,0.0,0.0,0.0,0,0,0,0,0,0,0.0,0.0,0.0,0.0,0,0,0,0,0.0
2026年2月22日,阪神,4歳以上2勝クラス,2勝クラス,1400m,16,レッドダンルース,14,8,2.5,7.0,4,6,0,0.0,0,0,2,0,0.0,0.0,0.0,0.0,0.0,0.5,0,0,0,0,0,0,0.0,0.0,0.0,0.0,0,0,0,0,0.0
2026年2月22日,阪神,4歳以上2勝クラス,2勝クラス,1400m,16,スナークシュンソウ,12,9,2.0,222.4,15,8,0,0.0,0,0,1,1,0.0,0.0,0.0,0.0,0.0,0.0,0,0,0,0,0,0,0.0,0.0,0.0,0.0,0,0,0,0,0.0
2026年2月22日,阪神,4歳以上2勝クラス,2勝クラス,1400m,16,プリンスノット,9,10,2.0,63.0,11,9,0,0.0,0,0,2,0,0.0,0.0,0.0,0.0,0.0,0.0,0,0,0,0,0,0,0.0,0.0,0.0,0.0,0,0,0,0,0.0
2026年2月22日,阪神,4歳以上2勝クラス,2勝クラス,1400m,16,メモリーグラス,16,11,1.5,81.7,12,15,0,0.0,0,0,1,0,0.0,0.0,0.0,0.0,0.0,0.5,0,0,0,0,0,0,0.0,0.0,0.0,0.0,0,0,0,0,0.0
2026年2月22日,阪神,4歳以上2勝クラス,2勝クラス,1400m,16,クリノキングマン,7,12,1.0,19.6,7,7,0,0.0,0,0,1,0,0.0,0.0,0.0,0.0,0.0,0.0,0,0,0,0,0,0,0.0,0.0,0.0,0.0,0,0,0,0,0.0
2026年2月22日,阪神,4歳以上2勝クラス,2勝クラス,1400m,16,アストラカ,4,13,0.0,40.3,10,11,0,0.0,0,0,2,1,0.0,1.0,0.0,0.0,0.0,0.0,0,0,0,0,-2,0,-2.0,0.0,0.0,0.0,0,0,0,0,0.0
2026年2月22日,阪神,4歳以上2勝クラス,2勝クラス,1400m,16,ダイシンリンク,3,14,-0.5,8.2,5,4,0,0.0,0,0,1,0,0.0,0.0,0.0,0.5,0.0,0.0,0,0,0,0,0,0,-2.0,0.0,0.0,0.0,0,0,0,0,0.0
2026年2月22日,阪神,4歳以上2勝クラス,2勝クラス,1400m,16,ロイガヴェーグル,2,15,-0.5,86.4,13,12,0,0.0,0,0,0,0,0.0,1.0,0.0,0.0,0.0,-0.5,0,0,0,0,-2,0,-2.0,3.0,0.0,0.0,0,0,0,0,0.0
2026年2月22日,阪神,4歳以上2勝クラス,2勝クラス,1400m,16,フラッシング,1,16,-1.0,207.6,14,10,0,0.0,0,0,1,1,0.0,1.0,0.0,0.0,0.0,0.0,0,0,0,0,-2,0,-2.0,0.0,0.0,0.0,0,0,0,0,0.0
2026年2月22日,小倉,和布刈特別,2勝クラス,1700m,16,マキシマムビスタ,14,1,9.0,5.4,2,8,0,0.0,0,4,2,1,0.0,0.0,0.0,1.0,0.0,0.0,0,0,0,0,0,0,0.0,0.0,0.0,2.0,0,0,0,-1,0.0
2026年2月22日,小倉,和布刈特別,2勝クラス,1700m,16,マテンロウブレイブ,13,2,8.0,3.8,1,4,0,0.0,2,0,2,1,0.0,0.0,0.0,1.0,0.0,0.0,0,0,0,0,0,0,0.0,0.0,0.0,2.0,0,0,0,0,0.0
2026年2月22日,小倉,和布刈特別,2勝クラス,1700m,16,タイセイミッション,9,3,4.5,6.5,3,1,0,0.0,0,0,2,0,0.0,0.0,0.0,0.0,1.0,-0.5,0,0,0,0,0,0,0.0,0.0,0.0,2.0,0,0,0,0,0.0
2026年2月22日,小倉,和布刈特別,2勝クラス,1700m,16,スーパージョック,2,4,4.0,6.8,4,16,0,0.0,0,0,3,0,0.0,0.0,0.0,0.0,0.0,0.0,0,0,0,0,0,0,-2.0,3.0,0.0,0.0,0,0,0,0,0.0
2026年2月22日,小倉,和布刈特別,2勝クラス,1700m,16,スマートスピア,15,5,3.5,10.8,7,2,0,0.0,0,0,3,0,0.0,0.0,0.0,0.0,0.0,0.5,0,0,0,0,0,0,0.0,0.0,0.0,0.0,0,0,0,0,0.0
2026年2月22日,小倉,和布刈特別,2勝クラス,1700m,16,キングツェッペリン,16,6,3.0,26.2,9,7,0,0.0,0,0,2,0,0.0,0.0,0.0,0.0,1.0,0.0,0,0,0,0,0,0,0.0,0.0,0.0,0.0,0,0,0,0,0.0
2026年2月22日,小倉,和布刈特別,2勝クラス,1700m,16,ストップヤーニング,11,7,2.0,9.6,6,3,0,0.0,0,0,1,0,0.0,0.0,0.0,1.0,0.0,0.0,0,0,0,0,0,0,0.0,0.0,0.0,0.0,0,0,0,0,0.0
2026年2月22日,小倉,和布刈特別,2勝クラス,1700m,16,アイファーグローブ,7,8,2.0,84.2,14,11,0,0.0,0,0,2,0,0.0,0.0,0.0,0.0,0.0,0.0,0,0,0,0,0,0,0.0,0.0,0.0,0.0,0,0,0,0,0.0
2026年2月22日,小倉,和布刈特別,2勝クラス,1700m,16,ライフゲート,10,9,1.0,9.0,5,5,0,0.0,0,0,1,0,0.0,0.0,0.0,0.0,0.0,0.0,0,0,0,0,0,0,0.0,0.0,0.0,0.0,0,0,0,0,0.0
2026年2月22日,小倉,和布刈特別,2勝クラス,1700m,16,ケイアイメキラ,8,10,1.0,84.2,13,6,0,0.0,0,0,1,0,0.0,0.0,0.0,0.0,0.0,0.0,0,0,0,0,0,0,0.0,0.0,0.0,0.0,0,0,0,0,0.0
2026年2月22日,小倉,和布刈特別,2勝クラス,1700m,16,コスモマルーン,6,11,1.0,20.0,8,9,0,0.0,0,0,2,0,0.0,0.0,0.0,0.0,0.0,0.0,0,0,0,0,0,0,0.0,0.0,0.0,0.0,0,0,0,-1,0.0
2026年2月22日,小倉,和布刈特別,2勝クラス,1700m,16,バックトゥザライト,12,12,1.0,33.9,10,14,0,0.0,0,0,1,0,0.0,0.0,0.0,0.0,0.0,0.0,0,0,0,0,0,0,0.0,0.0,0.0,0.0,0,0,0,0,0.0
2026年2月22日,小倉,和布刈特別,2勝クラス,1700m,16,ワンダフルトゥデイ,5,13,1.0,94.0,15,15,0,0.0,0,0,1,0,0.0,0.0,0.0,0.0,0.0,0.0,0,0,0,0,0,0,0.0,0.0,0.0,0.0,0,0,0,0,0.0
2026年2月22日,小倉,和布刈特別,2勝クラス,1700m,16,ナリタヒカリ,4,14,-2.0,45.3,12,10,0,0.0,0,0,0,1,0.0,0.0,0.0,0.0,0.0,0.0,0,0,0,0,0,0,-2.0,0.0,0.0,0.0,0,0,0,-1,0.0
2026年2月22日,小倉,和布刈特別,2勝クラス,1700m,16,タイヨウフレア,1,15,-2.0,43.4,11,13,0,0.0,0,0,1,0,0.0,0.0,0.0,0.0,0.0,0.0,0,0,0,0,0,0,-2.0,0.0,0.0,0.0,0,0,0,-1,0.0
2026年2月22日,小倉,和布刈特別,2勝クラス,1700m,16,プレイテシア,3,16,-4.0,224.5,16,12,0,0.0,0,0,1,0,0.0,0.0,0.0,0.0,0.0,0.0,0,0,0,0,-2,0,-2.0,0.0,0.0,0.0,0,0,0,-1,0.0
2026年2月28日,中山,4歳以上2勝クラス,2勝クラス,1800m,16,ディーズゴールド,14,1,10.5,7.7,4,4,0,0.0,0,4,2,0,0.0,0.0,0.0,1.0,0.0,0.5,0,0,0,0,0,0,0.0,0.0,0.0,3.0,0,0,0,0,0.0
2026年2月28日,中山,4歳以上2勝クラス,2勝クラス,1800m,16,アースイオス,8,2,8.5,378.7,14,15,0,0.0,0,4,3,1,0.0,0.0,0.0,0.0,0.0,0.5,0,0,0,0,0,0,0.0,0.0,0.0,0.0,0,0,0,0,0.0
2026年2月28日,中山,4歳以上2勝クラス,2勝クラス,1800m,16,メリークリスマス,10,3,8.0,2.3,1,1,0,0.0,0,4,2,1,0.0,0.0,0.0,1.0,0.0,0.0,0,0,0,0,0,0,0.0,0.0,0.0,0.0,0,0,0,0,0.0
2026年2月28日,中山,4歳以上2勝クラス,2勝クラス,1800m,16,シグムンド,6,4,8.0,42.3,8,8,0,0.0,2,0,2,0,0.0,1.0,0.0,0.0,0.0,0.0,0,0,0,0,0,0,0.0,3.0,0.0,0.0,0,0,0,0,0.0
2026年2月28日,中山,4歳以上2勝クラス,2勝クラス,1800m,16,フジレイメイ,5,5,6.0,50.8,9,9,0,0.0,0,4,1,0,0.0,1.0,0.0,0.0,0.0,0.0,0,0,0,0,0,0,0.0,0.0,0.0,0.0,0,0,0,0,0.0
2026年2月28日,中山,4歳以上2勝クラス,2勝クラス,1800m,16,アールプロスト,7,6,6.0,19.1,7,10,0,0.0,0,0,3,0,0.0,1.0,0.0,0.0,0.0,0.0,0,0,0,0,0,0,0.0,0.0,0.0,2.0,0,0,0,0,0.0
2026年2月28日,中山,4歳以上2勝クラス,2勝クラス,1800m,16,トルショー,4,7,5.0,156.4,11,11,0,0.0,0,0,2,0,0.0,0.0,0.0,0.0,0.0,0.0,0,0,0,0,0,0,0.0,3.0,0.0,0.0,0,0,0,0,0.0
2026年2月28日,中山,4歳以上2勝クラス,2勝クラス,1800m,16,プチブール,1,8,5.0,18.2,6,16,0,0.0,0,0,2,1,0.0,0.0,0.0,1.0,0.0,0.0,0,0,0,0,0,0,0.0,0.0,0.0,2.0,0,0,0,-1,0.0
2026年2月28日,中山,4歳以上2勝クラス,2勝クラス,1800m,16,パイシャオピン,11,9,4.5,4.5,3,3,0,0.0,0,0,2,0,0.0,0.0,1.0,0.5,0.0,0.0,0,0,0,0,0,0,0.0,0.0,0.0,2.0,0,0,0,-1,0.0
2026年2月28日,中山,4歳以上2勝クラス,2勝クラス,1800m,16,クロドラバール,15,10,2.5,206.4,12,7,0,0.0,0,0,2,0,0.0,0.0,0.0,0.0,0.0,0.5,0,0,0,0,0,0,0.0,0.0,0.0,0.0,0,0,0,0,0.0
2026年2月28日,中山,4歳以上2勝クラス,2勝クラス,1800m,16,ライジンマル,16,11,2.0,65.2,10,6,0,0.0,0,0,2,0,0.0,0.0,0.0,0.0,0.0,0.0,0,0,0,0,0,0,0.0,0.0,0.0,0.0,0,0,0,0,0.0
2026年2月28日,中山,4歳以上2勝クラス,2勝クラス,1800m,16,ホレーショ,13,12,1.5,14.2,5,2,0,0.0,0,0,1,0,0.0,0.0,0.0,0.5,0.0,0.0,0,0,0,0,0,0,0.0,0.0,0.0,0.0,0,0,0,0,0.0
2026年2月28日,中山,4歳以上2勝クラス,2勝クラス,1800m,16,ルーラーリッチ,9,13,1.5,554.0,15,5,0,0.0,0,0,-1,1,0.0,1.0,0.0,0.0,0.0,0.5,0,0,0,0,0,0,0.0,0.0,0.0,0.0,0,0,0,0,0.0
2026年2月28日,中山,4歳以上2勝クラス,2勝クラス,1800m,16,ユウトザユウト,12,14,1.0,4.4,2,12,0,0.0,0,0,0,0,0.0,0.0,0.0,1.0,0.0,0.0,0,0,0,0,0,0,0.0,0.0,0.0,0.0,0,0,0,0,0.0
2026年2月28日,中山,4歳以上2勝クラス,2勝クラス,1800m,16,デルマタモン,3,15,1.0,587.6,16,13,0,0.0,0,0,1,0,0.0,0.0,0.0,0.0,0.0,0.0,0,0,0,0,0,0,0.0,0.0,0.0,0.0,0,0,0,0,0.0
2026年2月28日,中山,4歳以上2勝クラス,2勝クラス,1800m,16,サイモンルモンド,2,16,0.0,340.9,13,14,0,0.0,0,0,0,0,0.0,0.0,0.0,0.0,0.0,0.0,0,0,0,0,0,0,0.0,0.0,0.0,0.0,0,0,0,0,0.0
2026年2月28日,阪神,4歳以上2勝クラス,2勝クラス,1800m,14,マハナ,12,1,10.0,24.4,9,9,0,0.0,0,4,2,0,0.0,0.0,2.0,0.0,0.0,0.0,0,0,0,0,0,0,0.0,0.0,0.0,3.0,0,0,0,-1,0.0
2026年2月28日,阪神,4歳以上2勝クラス,2勝クラス,1800m,14,レイバックスピン,10,2,9.0,4.5,1,3,0,0.0,0,4,2,0,0.0,0.0,1.0,0.0,0.0,1.0,0,0,0,0,0,0,0.0,0.0,0.0,2.0,0,0,0,-1,0.0
2026年2月28日,阪神,4歳以上2勝クラス,2勝クラス,1800m,14,カロローザ,13,3,7.0,10.8,7,4,0,0.0,4,0,2,0,0.0,0.0,2.0,0.0,0.0,0.0,0,0,0,0,0,0,0.0,0.0,0.0,0.0,0,0,0,-1,0.0
2026年2月28日,阪神,4歳以上2勝クラス,2勝クラス,1800m,14,ウエヲムイテゴラン,4,4,6.5,7.3,4,13,0,0.0,0,0,3,0,0.0,0.0,2.0,0.5,0.0,0.0,0,0,0,0,0,0,0.0,0.0,0.0,2.0,0,0,0,-1,0.0
2026年2月28日,阪神,4歳以上2勝クラス,2勝クラス,1800m,14,クインズショコラ,9,5,5.0,8.9,5,1,0,0.0,0,0,3,1,0.0,0.0,2.0,0.0,0.0,0.0,0,0,0,0,0,0,0.0,0.0,0.0,0.0,0,0,0,-1,0.0
2026年2月28日,阪神,4歳以上2勝クラス,2勝クラス,1800m,14,エルフストラック,5,6,5.0,14.8,8,2,0,0.0,0,0,2,1,0.0,0.0,0.0,0.0,0.0,0.0,0,0,0,0,0,0,0.0,3.0,0.0,0.0,0,0,0,-1,0.0
2026年2月28日,阪神,4歳以上2勝クラス,2勝クラス,1800m,14,ヴァンアグレアブル,7,7,5.0,4.9,2,7,0,0.0,0,0,2,0,0.0,0.0,0.0,1.0,0.0,0.0,0,0,0,0,0,0,0.0,0.0,0.0,3.0,0,0,0,-1,0.0
2026年2月28日,阪神,4歳以上2勝クラス,2勝クラス,1800m,14,コンアフェット,11,8,2.5,8.9,6,5,0,0.0,0,0,1,1,0.0,0.0,1.0,0.0,0.0,0.5,0,0,0,0,0,0,0.0,0.0,0.0,0.0,0,0,0,-1,0.0
2026年2月28日,阪神,4歳以上2勝クラス,2勝クラス,1800m,14,ウィンターダフネ,3,9,2.0,67.6,13,6,0,0.0,0,0,2,0,0.0,0.0,0.0,0.5,0.0,0.5,0,0,0,0,0,0,0.0,0.0,0.0,0.0,0,0,0,-1,0.0
2026年2月28日,阪神,4歳以上2勝クラス,2勝クラス,1800m,14,ブルーペクトライト,2,10,2.0,40.6,11,12,0,0.0,0,0,2,1,0.0,0.0,0.0,0.5,0.0,-0.5,0,0,0,0,0,0,0.0,0.0,0.0,0.0,0,0,0,-1,0.0
2026年2月28日,阪神,4歳以上2勝クラス,2勝クラス,1800m,14,ラヴァブル,15,11,1.5,66.1,12,10,0,0.0,0,0,2,0,0.0,0.0,0.0,0.0,0.0,0.5,0,0,0,0,0,0,0.0,0.0,0.0,0.0,0,0,0,-1,0.0
2026年2月28日,阪神,4歳以上2勝クラス,2勝クラス,1800m,14,メイショウリリー,1,12,-0.5,133.2,14,14,0,0.0,0,0,1,0,0.0,0.0,0.0,0.0,0.0,-0.5,0,0,0,0,0,0,0.0,0.0,0.0,0.0,0,0,0,-1,0.0
2026年2月28日,阪神,4歳以上2勝クラス,2勝クラス,1800m,14,サンキャメロン,8,13,-1.0,309.0,15,8,0,0.0,0,0,1,1,0.0,0.0,0.0,0.0,0.0,0.0,0,0,0,0,-2,0,0.0,0.0,0.0,0.0,0,0,0,-1,0.0
2026年2月28日,阪神,4歳以上2勝クラス,2勝クラス,1800m,14,ユウェンタース,14,14,-2.0,29.8,10,11,0,0.0,0,0,1,0,0.0,0.0,0.0,0.0,0.0,0.0,0,0,0,0,-2,0,0.0,0.0,0.0,0.0,0,0,0,-1,0.0
2026年2月28日,阪神,仁川S,OP,2000m,16,ムルソー,7,1,12.0,2.3,1,2,0,0.0,0,0,3,1,0.0,0.0,2.0,1.0,1.0,1.0,0,0,0,0,0,0,0.0,0.0,0.0,3.0,0,0,0,0,0.0
2026年2月28日,阪神,仁川S,OP,2000m,16,ロードプレジール,2,2,12.0,14.0,5,12,0,0.0,0,4,3,0,0.0,0.0,1.0,1.0,0.0,1.0,0,0,0,0,0,0,0.0,0.0,0.0,2.0,0,0,0,0,0.0
2026年2月28日,阪神,仁川S,OP,2000m,16,トリポリタニア,6,3,11.0,4.5,2,7,0,0.0,0,2,1,1,0.0,0.0,0.0,1.0,1.0,0.0,0,0,0,0,0,0,0.0,3.0,0.0,2.0,0,0,0,0,0.0
2026年2月28日,阪神,仁川S,OP,2000m,16,ゼットリアン,11,4,9.5,6.4,3,4,0,0.0,0,0,2,1,0.0,0.0,2.0,0.0,1.0,0.5,0,0,0,0,0,0,0.0,0.0,0.0,3.0,0,0,0,0,0.0
2026年2月28日,阪神,仁川S,OP,2000m,16,ジューンアヲニヨシ,4,5,9.0,25.7,7,1,0,0.0,0,0,3,1,0.0,0.0,0.0,0.0,1.0,1.0,0,0,0,0,0,0,0.0,3.0,0.0,0.0,0,0,0,0,0.0
2026年2月28日,阪神,仁川S,OP,2000m,16,シゲルショウグン,9,6,4.5,40.4,10,15,0,0.0,0,0,3,1,0.0,0.0,0.0,0.0,1.0,0.5,0,-3,0,0,0,0,0.0,0.0,0.0,2.0,0,0,0,0,0.0
2026年2月28日,阪神,仁川S,OP,2000m,16,リアレスト,14,7,2.5,54.6,11,9,0,0.0,0,0,2,1,0.0,0.0,0.0,0.0,0.0,0.5,0,0,0,0,0,0,0.0,0.0,0.0,0.0,-1,0,0,0,0.0
2026年2月28日,阪神,仁川S,OP,2000m,16,ポッドロゴ,5,8,1.0,37.8,9,5,0,0.0,0,0,3,0,0.0,0.0,0.0,0.0,1.0,0.0,0,-5,0,0,0,0,0.0,0.0,0.0,2.0,0,0,0,0,0.0
2026年2月28日,阪神,仁川S,OP,2000m,16,エナハツホ,10,9,1.0,180.2,15,11,0,0.0,0,0,2,1,0.0,0.0,0.0,0.0,0.0,0.0,0,0,0,0,0,0,0.0,0.0,0.0,0.0,-1,0,0,-1,0.0
2026年2月28日,阪神,仁川S,OP,2000m,16,ピュアキアン,15,10,1.0,55.7,12,14,0,0.0,0,0,0,0,0.0,1.0,0.0,0.0,1.0,0.0,0,0,0,0,0,0,0.0,0.0,0.0,0.0,-1,0,0,0,0.0
2026年2月28日,阪神,仁川S,OP,2000m,16,サトノエピック,13,11,0.5,103.9,14,13,0,0.0,2,0,2,1,0.0,0.0,0.0,0.0,0.0,0.5,0,0,0,-4,0,0,0.0,0.0,0.0,0.0,-1,0,0,0,0.0
2026年2月28日,阪神,仁川S,OP,2000m,16,ハピ,8,12,0.0,7.2,4,10,0,0.0,0,0,2,0,0.0,0.0,0.0,0.0,1.0,1.0,0,-3,0,0,0,0,0.0,0.0,0.0,0.0,-1,0,0,0,0.0
2026年2月28日,阪神,仁川S,OP,2000m,16,クールミラボー,1,13,-1.0,16.8,6,3,0,0.0,0,0,3,0,0.0,0.0,0.0,0.0,1.0,0.0,0,-5,0,0,0,0,0.0,0.0,0.0,0.0,-1,0,0,0,0.0
2026年2月28日,阪神,仁川S,OP,2000m,16,ペイシャエス,3,14,-1.0,35.6,8,6,0,0.0,0,0,2,1,0.0,0.0,0.0,0.0,0.0,0.0,0,-3,0,0,0,0,0.0,0.0,0.0,0.0,-1,0,0,0,0.0
2026年2月28日,阪神,仁川S,OP,2000m,16,マーブルロック,16,15,-2.0,78.8,13,8,0,0.0,0,0,2,0,0.0,0.0,0.0,0.0,0.0,0.0,0,-3,0,0,0,0,0.0,0.0,0.0,0.0,-1,0,0,0,0.0
2026年2月28日,阪神,仁川S,OP,2000m,16,コンクシェル,12,16,-2.0,270.0,16,16,0,0.0,0,0,2,0,0.0,0.0,0.0,0.0,0.0,1.0,0,-3,0,0,0,0,0.0,0.0,0.0,0.0,-1,0,0,-1,0.0
2026年2月28日,小倉,早鞆特別,2勝クラス,1700m,16,タマモジャスミン,5,1,12.5,25.7,8,14,0,0.0,0,4,2,0,0.0,0.0,2.0,0.0,0.0,0.5,0,0,0,0,0,0,0.0,3.0,0.0,2.0,0,0,0,-1,0.0
2026年2月28日,小倉,早鞆特別,2勝クラス,1700m,16,マーウォルス,13,2,11.0,28.7,10,5,0,0.0,0,4,2,0,0.0,0.0,2.0,0.0,0.0,1.0,0,0,0,0,0,0,0.0,0.0,0.0,2.0,0,0,0,0,0.0
2026年2月28日,小倉,早鞆特別,2勝クラス,1700m,16,キングベルベット,6,3,8.0,8.1,4,8,0,0.0,0,4,2,0,0.0,0.0,2.0,0.0,0.0,0.0,0,0,0,0,0,0,0.0,0.0,0.0,0.0,0,0,0,0,0.0
2026年2月28日,小倉,早鞆特別,2勝クラス,1700m,16,ディアウス,10,4,6.0,4.1,1,7,0,0.0,0,0,0,1,0.0,0.0,1.0,1.0,0.0,0.0,0,0,0,0,0,0,0.0,0.0,0.0,3.0,0,0,0,0,0.0
2026年2月28日,小倉,早鞆特別,2勝クラス,1700m,16,テーオーライマン,12,5,5.5,5.4,3,2,0,0.0,0,0,2,0,0.0,0.0,0.0,0.5,0.0,0.0,0,0,0,0,0,0,0.0,0.0,0.0,3.0,0,0,0,0,0.0
2026年2月28日,小倉,早鞆特別,2勝クラス,1700m,16,ジューンエオス,14,6,5.0,8.5,5,1,0,0.0,0,4,1,0,0.0,0.0,0.0,0.0,1.0,0.0,0,0,0,0,0,0,0.0,0.0,0.0,0.0,0,0,0,-1,0.0
2026年2月28日,小倉,早鞆特別,2勝クラス,1700m,16,ゼロスネーク,15,7,3.0,5.1,2,11,0,0.0,0,0,1,0,0.0,0.0,0.0,0.0,0.0,0.0,0,0,0,0,0,0,0.0,0.0,0.0,2.0,0,0,0,0,0.0
2026年2月28日,小倉,早鞆特別,2勝クラス,1700m,16,トーレ,2,8,3.0,27.2,9,16,0,0.0,0,0,1,1,0.0,0.0,0.0,0.0,0.0,0.0,0,0,0,0,0,0,-2.0,3.0,0.0,0.0,0,0,0,0,0.0
2026年2月28日,小倉,早鞆特別,2勝クラス,1700m,16,ダミエ,7,9,2.5,84.9,14,10,0,0.0,0,0,2,0,0.0,0.0,0.0,0.0,0.0,0.5,0,0,0,0,0,0,0.0,0.0,0.0,0.0,0,0,0,0,0.0
2026年2月28日,小倉,早鞆特別,2勝クラス,1700m,16,プウスカンドゥール,16,10,2.0,28.8,11,9,0,0.0,0,0,2,0,0.0,0.0,1.0,0.0,0.0,0.0,0,0,0,0,0,0,0.0,0.0,0.0,0.0,0,0,0,-1,0.0
2026年2月28日,小倉,早鞆特別,2勝クラス,1700m,16,ドッビアーコ,11,11,2.0,33.2,12,12,0,0.0,0,0,1,1,0.0,0.0,0.0,0.0,0.0,0.0,0,0,0,0,0,0,0.0,0.0,0.0,0.0,0,0,0,0,0.0
2026年2月28日,小倉,早鞆特別,2勝クラス,1700m,16,ジュンラトゥール,9,12,1.0,48.6,13,4,0,0.0,0,0,1,0,0.0,0.0,0.0,0.0,0.0,0.0,0,0,0,0,0,0,0.0,0.0,0.0,0.0,0,0,0,0,0.0
2026年2月28日,小倉,早鞆特別,2勝クラス,1700m,16,スマートプレシャス,1,13,1.0,14.3,7,13,0,0.0,0,0,2,1,0.0,0.0,0.0,0.0,0.0,0.0,0,0,0,0,-2,0,-2.0,3.0,0.0,0.0,0,0,0,-1,0.0
2026年2月28日,小倉,早鞆特別,2勝クラス,1700m,16,スカイドゥエラー,3,14,0.5,134.3,16,6,0,0.0,0,0,2,0,0.0,0.0,0.0,0.0,0.0,0.5,0,0,0,0,0,0,-2.0,0.0,0.0,0.0,0,0,0,0,0.0
2026年2月28日,小倉,早鞆特別,2勝クラス,1700m,16,アラナコア,4,15,0.0,9.9,6,3,0,0.0,0,0,2,0,0.0,0.0,0.0,0.0,0.0,0.0,0,0,0,0,0,0,-2.0,0.0,0.0,0.0,0,0,0,0,0.0
2026年2月28日,小倉,早鞆特別,2勝クラス,1700m,16,アメリカンエール,8,16,-3.0,111.4,15,15,0,0.0,2,0,0,0,0.0,0.0,0.0,0.0,0.0,0.0,-5,0,0,-4,0,0,0.0,0.0,0.0,0.0,0,0,0,0,0.0
